bodega_id,sku,nombre_norm,unidad,stock
almacen_suministros,97503113,CALDERO RECORT TAPA 50X60 CM,Unidad,1.0
almacen_suministros,95026919,CAZUELA 16 ONZ,Unidad,10.0
almacen_suministros,95004459,CINTA SELLAMIENTO 48 MM X 50 MTS,Unidad,14.0
almacen_suministros,124791,IBUPROFENO 800MG TNR CJX50 GEF,Unidad,100.0
almacen_suministros,95026263,PLATO BLANCO CUADRADO,Unidad,11600.0
almacen_suministros,95026266,PLATO BLANCO RECTANGULAR,Unidad,10400.0
almacen_suministros,97502964,BALDE PLASTICO 10 LTS,Unidad,11.0
almacen_suministros,97502914,CUCHARA PORCIONADORA DE 6 ONZAS,Unidad,9.0
almacen_suministros,97503241,ABRELATAS MARIPOSA,Unidad,1.0
almacen_suministros,95007905,ACEITE MECHERO CALENTA. SAMOVAR X 3750CC,Unidad,16.0
almacen_suministros,374215,ACETAMINOFEN 150MG/5ML SHJ FCOX90ML LFC,Unidad,10.0
almacen_suministros,2131,ACETAMINOFEN 500 MG TAB CJX 100,Unidad,100.0
almacen_suministros,95001202,ACETATO TAMANO CARTA,Unidad,100.0
almacen_suministros,95027285,AFVT) ANTIMICROBIANO FRUTAS Y VERDURAS,Unidad,8.0
almacen_suministros,95023660,ALCOHOL ANTISEPTICO AL 70% X 500 ML,Unidad,20.0
almacen_suministros,95023788,ALCOHOL GLICERINADO 500ML CON VALVULA,Unidad,10.0
almacen_suministros,80029519,ALEVINOS KG,Kilogram,176.0
almacen_suministros,95001498,ALMOHADILLA PARA SELLO 107X66 MM,Unidad,5.0
almacen_suministros,95004250,AMBIENTADOR AEROSOL X 400 CC,Unidad,5.0
almacen_suministros,95019886,AMBIENTADOR EN PASTA REPUESTO X 30 GR,Unidad,140.0
almacen_suministros,95006025,ARAGAN MEDIANO 51 CMS C/PALO 1.50,Unidad,12.0
almacen_suministros,95001231,ARCHIVADOR FUELLE OFICIO PLAS.13 BOLSILL,Unidad,2.0
almacen_suministros,95004124,ATOMIZADOR PLASTICO ECONOMICO 500CC,Unidad,34.0
almacen_suministros,95004096,BALDE PLASTICO 12 LITROS IMUSA,Unidad,8.0
almacen_suministros,95001212,BANDAS DE CAUCHO REF.18 CJAX32BANDAS,Unidad,9.0
almacen_suministros,95032184,BANDEJA EN EARTH PACT 38 X 28,Unidad,41500.0
almacen_suministros,97502884,BANDEJA PLASTICA 30 HUEVOS AZUL FB,Unidad,50.0
almacen_suministros,95019181,BANDEJA RECTANGULAR,Unidad,9320.0
almacen_suministros,95005527,BANDERA INTERPER POLIESTER ASTA DE 20MT,Unidad,3.0
almacen_suministros,95005526,BANDERA INTERPER POLIESTER ASTA DE 40MT,Unidad,3.0
almacen_suministros,95023864,BARRAIMANTADA TRAMONTINA,Unidad,7.0
almacen_suministros,95024375,BATA ANFILUIDO TALLA M,Unidad,5.0
almacen_suministros,95024374,BATA ANFILUIDO TALLA S,Unidad,1.0
almacen_suministros,95007930,BATA DESECHABLE COCINA,Unidad,87.0
almacen_suministros,95004095,BAYGON EN AEROSOL X 364 CM,Unidad,6.0
almacen_suministros,924931,BETAMETASONA 0.05% CREMA TBOX20G LF,Unidad,3.0
almacen_suministros,95023827,BOLSA BLANCA RESD APROV 40X60 PAQ X 50,Unidad,28.0
almacen_suministros,95023830,BOLSA BLANCA RESD APROV 70X 100,Unidad,75.0
almacen_suministros,95023833,BOLSA BLANCA RESD APROV 90X110 CAL 2,Unidad,3125.0
almacen_suministros,95005752,BOLSA CANASTILLA 24X39 PULG CAL 1 X KILO,Unidad,280.0
almacen_suministros,95023286,BOLSA EMPAQUE AL VACIO*22CM*18CM*70 MIC,Unidad,4800.0
almacen_suministros,95023287,BOLSA EMPAQUE AL VACIO*30CM*20CM*70 MIC,Unidad,5900.0
almacen_suministros,95023288,BOLSA EMPAQUE AL VACIO*42 CM*35CM*70 MIC,Unidad,11500.0
almacen_suministros,95011007,BOLSA EMPAQUE POLLO ASADO CAJA X 1000,Unidad,5.0
almacen_suministros,95026677,BOLSA KRAFT PORTACUBIERTOS,Unidad,50.0
almacen_suministros,95023834,BOLSA NEGRA RESD NO APROV 90X1110 CAL 2,Unidad,2400.0
almacen_suministros,95006553,BOLSA PAN BAGUETTE VENTANA PAQ X 1000,Unidad,2.0
almacen_suministros,95024135,BOLSA PAPEL ANTIGRASO ANTOJOS,Unidad,14000.0
almacen_suministros,95009618,BOLSA PARAFIN.HAMBUR 20X20 CAL 2 PAQX100,Unidad,55.0
almacen_suministros,95027844,BOLSA PRECORTE 100% FRUVER,Unidad,5.0
almacen_suministros,95020302,BOLSA RESELLABLE 18 X 17 CM PAQ X 100,Unidad,186.0
almacen_suministros,95023124,BOLSA ROJA R.QUIMICO,Unidad,18.0
almacen_suministros,95023829,BOLSA VERDE RESD ORG APROV 40X60 PAQ X50,Unidad,70.0
almacen_suministros,95023835,BOLSA VERDE RESD ORG APROV 90X110 CAL 2,Unidad,3775.0
almacen_suministros,95001242,BORRADOR PARA TABLERO FELPA,Unidad,4.0
almacen_suministros,95025023,BOWL 1.300 ML CON TAPA,Unidad,10000.0
almacen_suministros,95025962,BOWLS KRAFT 26 ONZ- PQ*50,Unidad,174.0
almacen_suministros,95013346,CABO PARA ESCOBA METALICO,Unidad,33.0
almacen_suministros,95004458,CABUYA POLIPROPILENO REF.12X1 RLLX750MT,Unidad,1.0
almacen_suministros,810000514,CACEROLA CON MANGO PARA HUEVOS,Unidad,3.0
almacen_suministros,95004378,CAJA CARTON ARCHIV.X-300 BASE-TAPA C620K,Unidad,36.0
almacen_suministros,95024036,CAJA EN CARTULINA SIN IMPRESION,Unidad,1000.0
almacen_suministros,95032374,CAJA MULTIFUNCIONAL BLANCA EN PAPEL ANTI,Unidad,10000.0
almacen_suministros,95019585,CAJA ORGANIZADORA,Unidad,1.0
almacen_suministros,95016497,CAJA ORGANIZADORA 15 LITROS,Unidad,19.0
almacen_suministros,95032371,CAJA PARA ALIMENTOS 45 ONZAS,Unidad,10000.0
almacen_suministros,95032370,CAJA PARA ALIMENTOS 66 ONZAS,Unidad,4400.0
almacen_suministros,95032375,CAJA PARA PAPAS PAQ X100,Unidad,12600.0
almacen_suministros,95032373,CAJA PARA PIZZA CARTON 25X25,Unidad,4500.0
almacen_suministros,95032372,CAJA PARA PIZZA CARTON 30X30,Unidad,4500.0
almacen_suministros,97502956,CAJA POLICARBO 46X66X30 CM 64.4 LT FB,Unidad,5.0
almacen_suministros,95001097,CAJA PORTA PERROS IMPRESA PAQX250,Unidad,5.0
almacen_suministros,95008204,CALCULADORA MANUAL 12 DIGITOS,Unidad,2.0
almacen_suministros,95008205,CALCULADORA MANUAL 8 DIGITOS,Unidad,6.0
almacen_suministros,97503119,CALDERO ALUMINIO TAPA 44 CM,Unidad,4.0
almacen_suministros,97503109,CALDERO RECOR CON TAPA 40X40CM 50LT NAC,Unidad,1.0
almacen_suministros,97503111,CALDERO RECORT TAPA 50X40,Unidad,2.0
almacen_suministros,95006100,CANASTILLA FREIDORA,Unidad,12.0
almacen_suministros,95023198,CANDADO 38MM FANAL 1,Unidad,72.0
almacen_suministros,95008246,CANDADO YALE GRANDE 870,Unidad,11.0
almacen_suministros,95008247,CANDADO YALE MEDIANO 850,Unidad,10.0
almacen_suministros,95025669,CANOAS EARTH PACT,Unidad,1300.0
almacen_suministros,95031896,CANOAS EN BAMBU EXTRA GRANDE,Unidad,100.0
almacen_suministros,95031895,CANOAS EN BAMBU GRANDE,Unidad,100.0
almacen_suministros,95031894,CANOAS EN BAMBU MEDIANA,Unidad,100.0
almacen_suministros,95031893,CANOAS EN BAMBU PEQUENA,Unidad,100.0
almacen_suministros,95004109,CEPILLO MANO FIBRA DURA 14.7X5.5X7.5 CM,Unidad,13.0
almacen_suministros,97503189,"CHAIRA PARA AFILAR CUCHILLOS 12"" NAC",Unidad,8.0
almacen_suministros,95001491,CHINCHES COLORES SURTIDOS CJ X 50 UNID,Unidad,6.0
almacen_suministros,97503213,CHOCOLATER EN ALUMINIO 5 LT NAC,Unidad,10.0
almacen_suministros,95008636,CHURRUSCO NEGRO GRANDE P/LAVADO BIBERON,Unidad,5.0
almacen_suministros,95001221,CINTA ENMASCARAR USO GENERAL 48MMX40MTS,Unidad,11.0
almacen_suministros,97501513,COLADOR CHINO ACERO MALLA FINA 23CM,Unidad,5.0
almacen_suministros,95008385,COLCHONETA PARA PISCIFLASH,Unidad,22.0
almacen_suministros,95027821,CONTENEDOR 4 OZ CON TAPA,Unidad,2000.0
almacen_suministros,95027680,CONTENEDOR BAGAZO CANA 12 OZ PTE*25 UN,Unidad,288.0
almacen_suministros,95025839,COPA DE 2 ONZAS ALMIDON,Unidad,40.0
almacen_suministros,95031173,COPA DESECHABLE 1.5CM,Unidad,440.0
almacen_suministros,,COPA SHOT,Unidad,150.0
almacen_suministros,,COPAS CUADRADA PETIT,Unidad,400.0
almacen_suministros,95001224,COSEDORA ESTANDAR 26/6 REF. 570,Unidad,11.0
almacen_suministros,95004932,CREMA LAVALOZA LIMON REF. 402 X 500 GR,Unidad,22.0
almacen_suministros,,CUCHARA DE POSTRE,Unidad,400.0
almacen_suministros,97502911,CUCHARA PORCIONADORA 4 ONZ VERDE BOG,Unidad,17.0
almacen_suministros,95010133,CUCHARA PORCIONADORA DE 4 ONZ,Unidad,1.0
almacen_suministros,95025957,CUCHARA POSTRE ALMIDON . MAIZ PTE* 100,Unidad,144.0
almacen_suministros,95030928,CUCHARA TRAMONTINA,Unidad,100.0
almacen_suministros,97503165,"CUCHILLO 10"" MANGO AMARILLO",Unidad,7.0
almacen_suministros,97503171,"CUCHILLO 10"" MANGO ROJO",Unidad,1.0
almacen_suministros,97503167,"CUCHILLO 10"" MANGO VERDE NAC",Unidad,9.0
almacen_suministros,95022478,"CUCHILLO 6"" AZUL",Unidad,2.0
almacen_suministros,97503145,"CUCHILLO 6"" MANGO AZUL NAC",Unidad,1.0
almacen_suministros,97503147,"CUCHILLO 6"" MANGO ROJO NAC",Unidad,3.0
almacen_suministros,97503143,"CUCHILLO 6"""" MANGO VERDE NAC",Unidad,20.0
almacen_suministros,97503153,"CUCHILLO 8"" MANGO AMARILLO",Unidad,13.0
almacen_suministros,97503155,"CUCHILLO 8"" MANGO VERDE NAC",Unidad,6.0
almacen_suministros,95009554,"CUCHILLO DE 12"" CORTE CARNE",Unidad,1.0
almacen_suministros,95027611,"CUCHILLO DE 12"" MANGO ROJO",Unidad,1.0
almacen_suministros,95019614,CUCHILLO DE SIERRA,Unidad,5.0
almacen_suministros,97500488,CUCHILLO FUERTE INCA,Unidad,9.0
almacen_suministros,95018235,CUCHILLO TRAMONTINA DE SIERRA,Unidad,120.0
almacen_suministros,95021392,DESENGRASANTE G PLUS 3780 ML,Unidad,14.0
almacen_suministros,95021396,DESINFECTANTE ALIMENTOS XY-12 3780ML,Unidad,22.0
almacen_suministros,95021390,DESINFECTANTE AMBIENTES WHISPERV 3780ML,Unidad,37.0
almacen_suministros,95021401,DETERG ENZIMATICO PISO WASH&WALK 9450ML,Unidad,14.0
almacen_suministros,95007250,DETERGENTE EN POLVO NEUTRO BOLSA X1000GR,Unidad,22.0
almacen_suministros,95021410,DETERGENTE MULTIUSO PANTASTIC 20 LITROS,Unidad,40.0
almacen_suministros,1400413,DEXAMETASONA 8MG/2ML SHI CJX1AMP V3S,Unidad,50.0
almacen_suministros,161498,DICLOFENACO 1% GEL TBOX50G GE,Unidad,4.0
almacen_suministros,,ELECTROLIT,Unidad,30.0
almacen_suministros,95004114,ESCOBA DURA 37CM MANGO MADERA,Unidad,24.0
almacen_suministros,95004115,ESCOBA FIBRA SUAVE,Unidad,55.0
almacen_suministros,95023057,ESCURRIDOR FRITOS EN ACERO,Unidad,2.0
almacen_suministros,97503010,ESCURRIDOR PLASTICO PARA VERDURAS FB,Unidad,2.0
almacen_suministros,95001245,ESFERO TINTA NEGRA,Unidad,27.0
almacen_suministros,95001247,ESFERO TINTA ROJA1,Unidad,1.0
almacen_suministros,1397364,ESPARADRAPO TELA BEGUT ROLL 1/2X5Y SEV,Unidad,5.0
almacen_suministros,95018368,ESPATULA METALICA MANGO BLANCO,Unidad,11.0
almacen_suministros,97503204,"ESPATULA PARA LIMPIEZA DE LATAS 4"" FB",Unidad,3.0
almacen_suministros,97503208,ESPATULA POSTRE 7X14,Unidad,8.0
almacen_suministros,97503193,ESPATULA SILICONA #10,Unidad,4.0
almacen_suministros,97503195,ESPATULA SILICONA #14,Unidad,4.0
almacen_suministros,97503197,ESPATULA SILICONA #16,Unidad,4.0
almacen_suministros,95009678,ESPONJA HORNOS PARRILLA 3M ROLLO X 5 MT,Unidad,6.0
almacen_suministros,95022595,ESPUMADERA MALLA,Unidad,2.0
almacen_suministros,95031010,ETIQUETA ROTACION AYB,Unidad,46.0
almacen_suministros,95000939,F-281 ARQUEO DE FONDOS RESX500,Unidad,6.0
almacen_suministros,95001089,F-393 VALERA COMIDA-PERSONAL LIBX50,Unidad,53.0
almacen_suministros,810000484,FILTRO CAFETERIA,Unidad,5000.0
almacen_suministros,158545,FIXOMULL STRETCH 15CMX10M CJX1ROLLO BSN,Unidad,3.0
almacen_suministros,95008384,FLOTADOR PARA MEGATOBOGAN,Unidad,20.0
almacen_suministros,95013466,FLOTADOR PISCILAGO 4 PERSONAS,Unidad,30.0
almacen_suministros,95001229,FOLDER CELUGUIA HORIZONTAL OFICIO 180 GR,Unidad,71.0
almacen_suministros,95001230,FOLDER COLGANTE AZUL PLASTIC.VARILLA MET,Unidad,52.0
almacen_suministros,95001182,F-RS-02 C/TROL INGRESO RETIRO ELE LIBX50,Unidad,10.0
almacen_suministros,95026796,FRUTERA PLASTICA + TAPA 16 ONZ PAQ*25,Unidad,21.0
almacen_suministros,95001489,GANCHO CLIP CORRIENTE CJ X 100 UNIDADES,Unidad,7.0
almacen_suministros,95001488,GANCHO CLIP MARIPOSA CJ X 50 UNIDADES,Unidad,5.0
almacen_suministros,95001482,GANCHO COSEDORA 26/6 ESTANDAR X 5000 UN,Unidad,16.0
almacen_suministros,95001507,GANCHO LEGAJADOR METALICO 3 PZ CAJAX20UN,Unidad,12.0
almacen_suministros,95026905,GANCHO ROPA,Unidad,40.0
almacen_suministros,855315,GASA ESTERIL CURE BAND 10X10 CJX24SO,Unidad,30.0
almacen_suministros,95019077,GORRO EN LICRA PARA BANO CON LOGO,Unidad,2000.0
almacen_suministros,95010470,GUANTE CAUCHO AFELPADO AMARILLO T.L,Unidad,36.0
almacen_suministros,95009582,GUANTE DE CAUCHO CAL. 35 NO 9 PAR,Unidad,43.0
almacen_suministros,95010466,GUANTE DE NITRILO TALLA M CJ X 50 PARES,Unidad,36.0
almacen_suministros,95010394,GUANTES DE POLIETILENO CJX50 PARES,Unidad,67.0
almacen_suministros,1394890,HIDROXIDOALUMINIO 6G/100ML SSN FCOX360ML,Unidad,2.0
almacen_suministros,95000902,HT.FC.35 ORDENES DE BEBIDA LIBX50,Unidad,25.0
almacen_suministros,95001520,HUELLERO BASE DE ACEITE BORRA FACIL #50,Unidad,1.0
almacen_suministros,95031303,JABON LIQUIDO EPROCARE 3780ML/1 GALON,Unidad,27.0
almacen_suministros,736176,JERINGA CJX100 5CC C/AGUJA 21G/1 1/,Unidad,2.0
almacen_suministros,95001248,LAPIZ MINA NEGRA,Unidad,6.0
almacen_suministros,95001235,LEGAJADOR AZ TAMANO OFICIO,Unidad,38.0
almacen_suministros,95001429,LIBRO CONTABILIDAD 400 FOLIOS 3 COLUMNAS,Unidad,7.0
almacen_suministros,95008221,LIJA AGUA NO. 120,Unidad,119.0
almacen_suministros,95022243,LIMPIADOR EN CREMA LEMON EZE LITRO,Unidad,1.0
almacen_suministros,95004948,LIMPIAVIDRIOS FRASCO 500 ML,Unidad,11.0
almacen_suministros,95009577,LIMPION PAPEL NATURAL INDUSTR RLLX550MT,Unidad,63.0
almacen_suministros,95006744,LIMPION WYPOL X-70 REUTILIZABLE CJ X 6RLS,Unidad,4.0
almacen_suministros,95020335,LLANTA 245/50 R16,Unidad,82.0
almacen_suministros,95027270,LLANTA DIRECCIONAL 215/75 R17.5 PISCIMOV,Unidad,4.0
almacen_suministros,95027269,LLANTA TRACCION 215/75 R17.5 PISCIMOVIL,Unidad,14.0
almacen_suministros,95004875,LLAVEROS CON LOGOTIPO ACRILICOS,Unidad,31.0
almacen_suministros,1294843,LOPERAMIDA 2MG TAB CJX6TAB GE,Unidad,15.0
almacen_suministros,95019897,MALLA DELGADA A&B PARA EL CABELLO 50MM,Unidad,461.0
almacen_suministros,95001251,MARCADOR BORRABLE COLORES SURTIDOS X 4UN,Unidad,3.0
almacen_suministros,95001259,MARCADOR PERM.PUNTA FINA SURTIDO X 4UN,Unidad,3.0
almacen_suministros,95001252,MARCADOR PERMANENTE NEGRO,Unidad,13.0
almacen_suministros,95019537,MARCADOR POSTERMARKER 20MM NEGRO,Unidad,20.0
almacen_suministros,95019535,MARCADOR POSTERMARKER 20MM ROJO,Unidad,19.0
almacen_suministros,95019562,MARCADOR POSTERMARKER 30MM ROJO,Unidad,20.0
almacen_suministros,356092,MAREOL 50MG CJX12TAB WY,Unidad,10.0
almacen_suministros,95004482,MASCARILLA DESECHABLE CAUCHOS CJX50 UN,Unidad,55.0
almacen_suministros,95019405,MECHA PARA CALENTADOR SAMOVAR PAQX7,Unidad,97.0
almacen_suministros,95004117,MECHA PARA TRAPERO REF.1000 DE 405 GR,Unidad,13.0
almacen_suministros,95023482,MEZCLADOR EN MADERA 11CM PAQ X 1000,Unidad,39.0
almacen_suministros,95032368,MOLDE ALUMINIO LASANA 16 ONZAS,Unidad,8000.0
almacen_suministros,1316332,OF-NEXCARE MICRO PIEL 24X5 PG:4LLV:5M 3,Unidad,5.0
almacen_suministros,97503216,OLLA ALUMINIO CON TAPA 2 LT,Unidad,4.0
almacen_suministros,95027101,ORGANIZADOR CONSUMIBLES EST.CAFE,Unidad,3.0
almacen_suministros,95010839,PAILA ALUMINIO NO. 50 ESCURRIDORA,Unidad,1.0
almacen_suministros,97500797,"PALA MARMITA EN ACERO INOXID REF:, 42,4""",Unidad,2.0
almacen_suministros,95009613,PALILLO MADERA PARA HAMBURGUESA PAQX100,Unidad,365.0
almacen_suministros,95023584,PALO DE BAMBU ROJO,Unidad,4.0
almacen_suministros,6872,PANOTIL B 8000UI-40MG SOL OT FCOX8ML,Unidad,2.0
almacen_suministros,95004221,PAPEL ALUMINIO ROLLO 12 X 300 FT,Unidad,13.0
almacen_suministros,95001302,PAPEL CARBON NEGRO TAMANO CARTA,Unidad,1.0
almacen_suministros,95001306,PAPEL FOTOCOPIA TAMANO CARTA 75 GR,Unidad,34.0
almacen_suministros,95001307,PAPEL FOTOCOPIA TAMANO OFICIO 75 GR,Unidad,7.0
almacen_suministros,95023350,PASTILLA LIMPIADOR HORNO AZUL BALDE X150,Unidad,1950.0
almacen_suministros,95023349,PASTILLA LIMPIADOR HORNO ROJA BALDE X100,Unidad,1600.0
almacen_suministros,95024760,PASTILLA LIMPIADOR HORNO VERDE BALDEX150,Unidad,-295.0
almacen_suministros,95001205,PEGA PAPEL EN BARRA X 40 GR,Unidad,3.0
almacen_suministros,95001238,PERFORADORA ESTANDAR 2 HUECOS 23 HOJAS,Unidad,11.0
almacen_suministros,95009591,PEROL PROFESIONAL 24 CM ANODIZADO,Unidad,1.0
almacen_suministros,95008214,PILA ALCALINA TRIPLE AAA,Unidad,24.0
almacen_suministros,33181,PILAS DOBLE AA,Unidad,22.0
almacen_suministros,95025042,PINZAS MANGO NEGRO,Unidad,17.0
almacen_suministros,95006710,PITILLO DE PAPEL CAJA,Unidad,609.0
almacen_suministros,1321655,PLASIL METOCLOPRAMIDA 10MG CJX30 TAB BSS,Unidad,1.0
almacen_suministros,95027684,PLATO 15CM PULPA CANA PTE*20 UN,Unidad,1344.0
almacen_suministros,95027374,PLATO 3 DIVISIONES BAGAZO DE CANA PAQX20,Unidad,525.0
almacen_suministros,,PLATO CUADRADO,Unidad,400.0
almacen_suministros,95024943,PLATO CUADRADO PULPA 26 CM 250X50,Unidad,2000.0
almacen_suministros,95026918,PLATO HONDO 12 ONZ TAMIXPAQX100,Unidad,3.0
almacen_suministros,95026025,PLATO OVALADO 12X10,Unidad,2500.0
almacen_suministros,95025974,PORTACOMIDA J1 PULPA DE PAPEL PTE*50,Unidad,10.0
almacen_suministros,95031961,PORTACREPES,Unidad,3000.0
almacen_suministros,95004118,"PORTATRAPERO METALICO 2 MARIP1,50CM",Unidad,18.0
almacen_suministros,95019598,RALLADOR EN ACERO INXIDABLE,Unidad,6.0
almacen_suministros,97502946,RECIPIENTE ACERO INOXIDABLE,Unidad,13.0
almacen_suministros,95004100,RECOGEDOR BASURA PLASTICO,Unidad,11.0
almacen_suministros,95001262,REGLA PLASTICA 30 CM,Unidad,5.0
almacen_suministros,95001264,RESALTADOR AMARILLO,Unidad,8.0
almacen_suministros,4721088,RIFAMICINA 1% SPRAY FCO20ML,Unidad,1.0
almacen_suministros,95022468,"RODILLO EN ACRILICO DE 3"" * 40 CM",Unidad,2.0
almacen_suministros,95004389,ROLLO PREC POLIET FRUVER,Unidad,1.0
almacen_suministros,95004428,ROLLO VINILPEL EMP.FRUVER 300MMX1500MT,Unidad,4.0
almacen_suministros,1337340,SABANA AJUSTABLE AZUL ALFASAFE E.I AL,Unidad,15.0
almacen_suministros,95001241,SACAGANCHOS ESTANDAR 24 26/6 23/8,Unidad,4.0
almacen_suministros,95018491,SARTEN PROFESIONAL ANTIADHERENTE30CM,Unidad,7.0
almacen_suministros,97502984,SARTEN TEFLON 30 CM,Unidad,4.0
almacen_suministros,95004478,SELLO DE SEGURIDAD VEHICULOS,Unidad,500.0
almacen_suministros,95001492,SELLO FECHADOR 2 DIGITOS + MES + ANO,Unidad,5.0
almacen_suministros,95005611,SEPARADOR PP TAMANO CARTA 105 PAQX5,Unidad,20.0
almacen_suministros,95008841,SERVILLETA DE LUJO CJX6PAQ 200 SERVILLE1,Unidad,2.0
almacen_suministros,95031800,SERVILLETAS BIODEGRADABLES,Unidad,21.0
almacen_suministros,95025960,SET CUCHARA SERVIL A.MAIZ PAQ*100,Unidad,198.0
almacen_suministros,95032000,SET CUCHARA SERVILLETA PAQX100,Unidad,15000.0
almacen_suministros,,SET TENED CUCHI SERVIL PP BIOD PQT X 100,Unidad,4000.0
almacen_suministros,95025959,SET TENEDOR CUCHILLO SERVI A.MAIZ P*100,Unidad,201.0
almacen_suministros,95013617,"SISTEMA GUARDIAN COMPLETO 1,5 LTS",Unidad,6.0
almacen_suministros,95001386,"SOBRE MANILA CARTA IMPR 1 TINTA 22,5X29",Unidad,100.0
almacen_suministros,95001385,SOBRE MANILA OFICIO IMPR 1 TINTA 25X35,Unidad,96.0
almacen_suministros,95009954,SOBRE SEGURID PLAST. 15.5X22 CMS PAQX50,Unidad,80.0
almacen_suministros,1340586,SOLHIDREX CEREZA 20.7G PPS CJX30SOB LBN,Unidad,90.0
almacen_suministros,414574,SYSTANE GOT LUBR OFT FCOX15ML AL,Unidad,2.0
almacen_suministros,95018610,TABLA ACRILICA P/PICAR AMARILLA 50X38CM,Unidad,1.0
almacen_suministros,95022461,TABLA ACRILICA P/PICAR AZUL 50X38CM,Unidad,1.0
almacen_suministros,97500779,TABLA ACRILICA P/PICAR BLANCO 50X38CM,Unidad,1.0
almacen_suministros,95018720,TABLA ACRILICA P/PICAR ROJA 50X38CM,Unidad,2.0
almacen_suministros,97503006,TABLA ACRILICA P/PICAR ROJO 50X38CM FB,Unidad,10.0
almacen_suministros,97503002,TABLA ACRILICA PICAR 30X45 AZUL,Unidad,3.0
almacen_suministros,97503004,TABLA ACRILICA PICAR BLANCO 50X38CM FB,Unidad,5.0
almacen_suministros,97503008,TABLA ACRILICA PICAR VERDE 50X38CM FB,Unidad,4.0
almacen_suministros,97503000,TABLA PICAR AMRILLA,Unidad,10.0
almacen_suministros,95001504,TABLA PLANILLERA PLASTICA TAMANO OFICIO,Unidad,11.0
almacen_suministros,95026920,TAPA CAZUELA 16 ONZ,Unidad,10.0
almacen_suministros,95027681,TAPA CONTENEDOR B CANA 12 OZ PTE* 25 UN,Unidad,288.0
almacen_suministros,95024803,TAPA EMPAQUE ENSALADA UND,Unidad,100.0
almacen_suministros,95024800,TAPA EMPAQUE GELATINA UND,Unidad,500.0
almacen_suministros,95032369,TAPA MOLDE ALUMINIO LASANA 16 ONZAS,Unidad,8000.0
almacen_suministros,95025963,TAPA PET BOWLS KRAF 26 ONZ PT*50,Unidad,174.0
almacen_suministros,95025075,TAPA VASO,Unidad,2012.0
almacen_suministros,95007903,TARRO MECHERO CALENTADOR SAMOVAR,Unidad,102.0
almacen_suministros,95005691,TIJERA INCOLMA METALICA MANGO PLASTIC 7,Unidad,8.0
almacen_suministros,95019581,TINA REDONDA,Unidad,8.0
almacen_suministros,95001266,TINTA SELLO DE CAUCHO NEGRA FCO X 30 CC,Unidad,7.0
almacen_suministros,95031071,TOALLA COCINA,Unidad,57.0
almacen_suministros,95004253,TOALLA EN Z NATURAL 24 PAQX150TOALLAS,Unidad,1.0
almacen_suministros,95021157,TOALLA MANOS ROLLO CJX6 NATUR X 120 MT,Unidad,40.0
almacen_suministros,95021830,TONER KIOCERA FS 2040 DN REF. TK 1175,Unidad,7.0
almacen_suministros,95010413,TONER KYOCERA FS 2020 TK 342,Unidad,1.0
almacen_suministros,95008474,TONER KYOCERA TK 3102 FS 2100 N,Unidad,1.0
almacen_suministros,95030935,TONER KYOCERA TK 5382C,Unidad,1.0
almacen_suministros,95030941,TONER KYOCERA TK 5382K,Unidad,1.0
almacen_suministros,95030940,TONER KYOCERA TK 5382M,Unidad,1.0
almacen_suministros,95030939,TONER KYOCERA TK 5382Y,Unidad,1.0
almacen_suministros,95022644,VASO 12 ONZAS,Unidad,12.0
almacen_suministros,95025948,VASO 12OZ POLIBOARD PAQ*50 UN,Unidad,544.0
almacen_suministros,95027695,VASO 4 OZ BAGAZO DE CANA PAQ*50 UN,Unidad,60.0
almacen_suministros,95025945,VASO 7 OZ POLIBOARD PAQ*50 UN,Unidad,712.0
almacen_suministros,95020134,VASO 14 ONZAS EN ACRILICO CON TAPA DOMO,Unidad,160.0
almacen_suministros,1476157,VENDA ELASTICA C/PIEL 4X5YAR VEELAU004,Unidad,50.0
almacen_suministros,97502989,WOK ANODIZADO 32 CM BOG,Unidad,1.0
almacen_ayb,7290,ACEITE,Liter,333.0
almacen_ayb,7292,ACEITE DE AJONJOLI,Liter,7.848
almacen_ayb,7293,ACEITE DE OLIVA,Liter,33.0
almacen_ayb,1483116,ACEITE DE OLIVA 10ML /BOLSA SOBRE X50 UN,Unidad,42.0
almacen_ayb,7003,ACHIOTE MOLIDO,Kilogram,14.0
almacen_ayb,,ADEREZO QUESO CHEDDAR,Liter,41.0
almacen_ayb,,AGUA 280 ML,Unidad,168.0
almacen_ayb,29018,AGUA BOTELLA,Unidad,3672.0
almacen_ayb,29033,AGUA SABORIZADA H2O,Unidad,2235.0
almacen_ayb,,AGUA WAIRA SABORIZADA,Unidad,2844.0
almacen_ayb,,AGUARDIENTE AMARILLO PIONERO,Liter,10.5
almacen_ayb,1241542,AGUARDIENTE ANTIOQUENO SIN AZUCAR,Liter,8.25
almacen_ayb,,AGUARDIENTE ANTIOQUENO ROJO,Liter,3.75
almacen_ayb,,AGUARDIENTE NECTAR CLUB,Liter,10.125
almacen_ayb,5009,AJO,Kilogram,-5.0
almacen_ayb,,AJO GRANULADO,Kilogram,1.06
almacen_ayb,6001,AJONJOLI,Kilogram,-2.5
almacen_ayb,3001,ALAS DE POLLO,Kilogram,98.8
almacen_ayb,,ALAS DE POLLO ADOBADA BBQ,Kilogram,20.0
almacen_ayb,5010,ALBACON,Kilogram,24.0
almacen_ayb,7008,ALCAPARRAS FRASCO,Kilogram,7.6
almacen_ayb,6003,ALMENDRAS,Kilogram,2.5
almacen_ayb,,APANADO,Kilogram,12.0
almacen_ayb,5015,APIO,Kilogram,60.0
almacen_ayb,,ARANDANOS,Kilogram,13.0
almacen_ayb,7337,AREPA DE HUEVO,Unidad,300.0
almacen_ayb,8095,AREPA DE QUESO,Unidad,350.0
almacen_ayb,8097,AREPA PAISA,Unidad,4950.0
almacen_ayb,7340,AROMATICA SOBRES,Unidad,280.0
almacen_ayb,6005,ARROZ,Kilogram,-720.0
almacen_ayb,6007,ARROZ BASMATI,Kilogram,2.0
almacen_ayb,,ARROZ FEDERAL,Kilogram,1175.0
almacen_ayb,6012,ARVEJA AMARILLA,Kilogram,12.5
almacen_ayb,,ARVEJA CONGELADA MCAIN,Kilogram,109.0
almacen_ayb,6013,ARVEJA VERDE SECA,Kilogram,12.5
almacen_ayb,7020,AVENA EN HOJUELAS,Kilogram,6.0
almacen_ayb,8101,AVENA VASO,Unidad,210.0
almacen_ayb,7022,AZUCAR BLANCA,Kilogram,672.5
almacen_ayb,7342,AZUCAR SOBRES,Unidad,7400.0
almacen_ayb,,BATIDO PARA APANAR,Kilogram,30.0
almacen_ayb,7231,BECHAMEL EN POLVO,Kilogram,8.0
almacen_ayb,8107,BONYURT,Unidad,39.0
almacen_ayb,27003,BRANDY BOTELLA,Liter,0.75
almacen_ayb,,BRETANA 300 CC,Unidad,194.0
almacen_ayb,,BUBOLS SABORES SURTIDOS,Kilogram,25.3
almacen_ayb,2007,CADERA DE RES,Kilogram,137.0332
almacen_ayb,7034,CAFE EN PEPA,Kilogram,12.0
almacen_ayb,7035,CAFE GOURMET,Kilogram,9.0
almacen_ayb,1474050,CAFE INSTANTANEO COLCAFE 500 GR,Kilogram,5.5
almacen_ayb,,CAFE MOLIDO,Kilogram,31.5
almacen_ayb,,CAMARON CRUDO,Kilogram,36.0
almacen_ayb,7040,CANELA EN ASTILLA,Kilogram,1.0
almacen_ayb,7041,CANELA EN POLVO,Kilogram,1.02
almacen_ayb,,CARNE DE HAMBURGUESA MIXTA,Unidad,2630.0
almacen_ayb,,CARNE DE HAMBURGUESA MOLIDA,Unidad,7938.0
almacen_ayb,6015,CEBADA PERLADA,Kilogram,7.0
almacen_ayb,5032,CEBOLLA CABEZONA BLANCA,Kilogram,170.0
almacen_ayb,5033,CEBOLLA CABEZONA ROJA,Kilogram,60.0
almacen_ayb,,CEBOLLA EN POLVO,Kilogram,27.0
almacen_ayb,5034,CEBOLLA JUNCA,Kilogram,210.0
almacen_ayb,5036,CEBOLLA PUERRO,Kilogram,127.0
almacen_ayb,5038,CEBOLLIN,Kilogram,4.5
almacen_ayb,7047,CEREZA MARRASQUINO,Kilogram,0.5
almacen_ayb,,CERVEZA HEINEKEN 0 LATA 250ML,Unidad,276.0
almacen_ayb,,CERVEZA HEINEKEN CERO,Unidad,-48.0
almacen_ayb,7049,CHAMPINON NATURAL,Kilogram,13.0
almacen_ayb,7051,CHOCOLATE CON AZUCAR,Kilogram,44.5
almacen_ayb,7388,CHOCORRAMO,Unidad,100.0
almacen_ayb,4003,CHORIZO,Kilogram,465.75
almacen_ayb,5045,CILANTRO,Kilogram,30.0
almacen_ayb,,COCA COLA 400 CC,Unidad,2112.0
almacen_ayb,28021,COLA Y POLA,Unidad,-7434.0
almacen_ayb,7064,COLOR,Kilogram,19.0
almacen_ayb,7065,COMINO,Kilogram,25.0
almacen_ayb,7395,COMPOTA,Unidad,792.0
almacen_ayb,,CONCENTRADO FRUTA ARAZA -MARACUYA 2 KG,Kilogram,470.0
almacen_ayb,2025,COSTILLA DE CERDO,Kilogram,101.0
almacen_ayb,2027,COSTILLA DE RES,Kilogram,66.14
almacen_ayb,8079,CREMA DE LECHE,Liter,19.0
almacen_ayb,1475599,CROOKIES 90 GR PAQ X 4 UND,Unidad,100.0
almacen_ayb,4008,CROQUETA DE YUCA,Kilogram,92.0
almacen_ayb,1475598,CROSSANT JAMO Y QUES 100 GR PAQ X 4 UND,Unidad,400.0
almacen_ayb,6020,CUCHUCO DE MAIZ,Kilogram,6.5
almacen_ayb,6021,CUCHUCO DE TRIGO,Kilogram,10.0
almacen_ayb,8125,CUCURUCHO PARA CONO DE HELADO,Unidad,6500.0
almacen_ayb,,CURCUMA POLVO,Kilogram,1.0
almacen_ayb,,CURRY EN POLVO BADIA,Kilogram,0.90759
almacen_ayb,7238,DEMIGLACE,Kilogram,49.6
almacen_ayb,,DON CHICHARRON PAQUETE,Unidad,100.0
almacen_ayb,,DONAS SURTIDAS,Unidad,600.0
almacen_ayb,7087,DURAZNOS EN MITADES,Kilogram,0.82
almacen_ayb,7413,EMPANADA DE PAPA Y CARNE X50 GR,Unidad,1720.0
almacen_ayb,1473018,EMPANADA POLLO X50 GR,Unidad,-420.0
almacen_ayb,7415,ENDULZANTE STEVIA,Unidad,50.0
almacen_ayb,7304,ESCENCIA SABORES SURTIDOS,Liter,2.5
almacen_ayb,7098,FECULA DE MAIZ,Kilogram,2.28
almacen_ayb,1020,FILETE DE BASA,Kilogram,20.0
almacen_ayb,3007,FILETE DE POLLO,Kilogram,497.458
almacen_ayb,1031,FILETE DE TILAPIA,Kilogram,20.0
almacen_ayb,1475596,FLAT ORIGIN 6.75 X 6.75 120 UND,Unidad,360.0
almacen_ayb,,FLAUTA CHOCOLATE PASTRY,Unidad,3000.0
almacen_ayb,7420,FRESCO FRUTINO,Unidad,310.0
almacen_ayb,6023,FRIJOL ROJO/SABANERO,Kilogram,100.5
almacen_ayb,,FRIJOL CARAOTA,Kilogram,15.0
almacen_ayb,,GALLETA OREO TRITURADA,Kilogram,8.0
almacen_ayb,6028,GARBANZO,Kilogram,5.0
almacen_ayb,29034,GASEOSA KOLA SOL 330 ML,Unidad,-9120.0
almacen_ayb,29035,GASEOSA KOLA SOL 600 ML,Unidad,-2835.0
almacen_ayb,,GASEOSA POSTOBON 400 ML,Unidad,420.0
almacen_ayb,,GASEOSA QUATRO 400 ML,Unidad,120.0
almacen_ayb,29040,GASEOSA SPRITE X 400,Unidad,156.0
almacen_ayb,29042,GATORADE,Unidad,1368.0
almacen_ayb,7106,GELATINA SIN SABOR,Kilogram,6.5
almacen_ayb,1482289,GLUTAMATO MONOSODICO,Kilogram,5.5
almacen_ayb,7109,GRAGEAS SURTIDAS,Kilogram,16.75
almacen_ayb,,GRANOLA,Kilogram,6.6
almacen_ayb,5073,GULUPA,Kilogram,5.0
almacen_ayb,7112,HARINA DE SEMOLA,Kilogram,25.0
almacen_ayb,7113,HARINA DE TRIGO,Kilogram,462.5
almacen_ayb,7114,HARINA PAN DE BONO,Kilogram,5.0
almacen_ayb,6030,HARINA PARA AREPAS,Kilogram,9.0
almacen_ayb,,HASHBROWN,Kilogram,54.48
almacen_ayb,8135,HELADO CASERO SABORES SURTIDOS,Unidad,8020.0
almacen_ayb,7117,HIELO EN CUBO,Kilogram,180.0
almacen_ayb,5077,HIERBAS HIERBABUENA,Kilogram,4.0
almacen_ayb,3009,HIGADO DE POLLO,Kilogram,5.0
almacen_ayb,2034,HIGADO DE RES,Kilogram,5.0
almacen_ayb,8318,HUEVOS DE GALLINA,Unidad,3540.0
almacen_ayb,7489,INSTACREM SOBRE,Unidad,200.0
almacen_ayb,4020,JAMON SANDWICH,Kilogram,40.5
almacen_ayb,,JUGO DE LIMON COMPRADO,Liter,68.0
almacen_ayb,29047,JUGO HIT BOTELLA,Unidad,864.0
almacen_ayb,29048,JUGO HIT CAJA,Unidad,1656.0
almacen_ayb,7313,LECHE DE COCO,Liter,10.4
almacen_ayb,8083,LECHE DESLACTOSADA,Liter,258.0
almacen_ayb,8084,LECHE ENT LARGA VIDA,Liter,216.0
almacen_ayb,5088,LECHUGA CRESPA,Kilogram,89.0
almacen_ayb,5093,LECHUGA ROMANA,Kilogram,5.0
almacen_ayb,,LECHUGA RUGULA ORGANICA,Kilogram,5.0
almacen_ayb,6031,LENTEJA,Kilogram,22.0
almacen_ayb,7128,LEVADURA,Kilogram,20.0
almacen_ayb,5095,LIMON TAHITY,Kilogram,20.0
almacen_ayb,2039,LOMITO DE RES,Kilogram,6.36
almacen_ayb,5097,MAIZ DESGRANADO MAC CAIN,Kilogram,155.0
almacen_ayb,5105,MANZANA ROYAL,Kilogram,10.0
almacen_ayb,5106,MARACUYA,Kilogram,5.0
almacen_ayb,7136,MARGARINA,Kilogram,55.5
almacen_ayb,7139,MAYONESA,Kilogram,15.08
almacen_ayb,7508,MAYONESA SOBRES,Unidad,3672.0
almacen_ayb,,MAZORCA ENTERA DULCE,Kilogram,108.0
almacen_ayb,8011,MEJORADOR SURATIV,Kilogram,1.0
almacen_ayb,5110,MELON,Kilogram,24.0
almacen_ayb,,MEZCLA EN POLVO DE HELADO,Kilogram,159.0
almacen_ayb,7314,MIEL,Liter,8.0
almacen_ayb,7510,MIEL DE ABEJAS SOBRE,Unidad,2520.0
almacen_ayb,,MINICROQUETA DE YUCA,Kilogram,120.0
almacen_ayb,1040,MOJARRA,Kilogram,103.42
almacen_ayb,4025,MORCILLA,Kilogram,5.0
almacen_ayb,,MORENITAS,Kilogram,4.8
almacen_ayb,29054,MR TEA 500,Unidad,1872.0
almacen_ayb,7152,NACHOS NATURALES X500GR,Kilogram,19.0
almacen_ayb,5113,NARANJA VALENCIA,Kilogram,20.0
almacen_ayb,7516,NATUCHIPS,Unidad,120.0
almacen_ayb,7154,NESCAFE,Kilogram,18.0
almacen_ayb,,NESCAFE CAPUCCINO,Kilogram,18.0
almacen_ayb,5115,NUEZ MOSCADA,Kilogram,2.0
almacen_ayb,7162,OREGANO POLVO,Kilogram,3.242
almacen_ayb,8177,PAN BAGUETT,Unidad,420.0
almacen_ayb,7165,PANELA,Kilogram,30.6
almacen_ayb,7167,PAPA A LA FRANCESA,Kilogram,1350.0
almacen_ayb,,PAPA CABELLO DE ANGEL,Kilogram,25.0
almacen_ayb,7168,PAPA CRIOLLA PRECOCIDA,Kilogram,100.0
almacen_ayb,7169,PAPA EN CASQUITOS,Kilogram,470.0
almacen_ayb,5122,PAPA SABANERA,Kilogram,624.0
almacen_ayb,5124,PAPAYA,Kilogram,93.0
almacen_ayb,7171,PAPRIKA,Kilogram,11.694
almacen_ayb,1482915,PASABOCAS RAMO ACHIRAS 25 GR 12 UND,Unidad,10.0
almacen_ayb,7174,PASTA CONCHA,Kilogram,15.5
almacen_ayb,7177,PASTA DE TOMATE,Kilogram,12.6
almacen_ayb,7179,PASTA EN TORNILLOS,Kilogram,6.0
almacen_ayb,7181,PASTA FIDEOS,Kilogram,11.0
almacen_ayb,,PASTEL CARNE RANCHERO,Unidad,4750.0
almacen_ayb,,PASTEL DE MANZANA PASTRY,Unidad,60.0
almacen_ayb,,PASTEL ESPINACA Y RICOTTA,Unidad,80.0
almacen_ayb,,PASTEL POLLO CARBONA,Unidad,6220.0
almacen_ayb,,PATACONES,Kilogram,20.0
almacen_ayb,5126,PATILLA,Kilogram,101.0
almacen_ayb,2048,PECHO DE RES,Kilogram,194.3
almacen_ayb,7192,PEPINILLOS EN VINAGRE,Kilogram,7.5
almacen_ayb,5127,PEPINO COHOMBRO,Kilogram,2.0
almacen_ayb,3021,PIERNA PERNIL DE POLLO,Kilogram,1110.4
almacen_ayb,,PIERNITA DE POLLO,Kilogram,59.8
almacen_ayb,5008,PIMENTON,Kilogram,60.0
almacen_ayb,7199,PIMIENTA NEGRA,Kilogram,3.0
almacen_ayb,5132,PINA,Kilogram,142.0
almacen_ayb,7203,PINA CUADROS,Kilogram,30.0
almacen_ayb,5134,PLATANO ARTON,Kilogram,280.0
almacen_ayb,3022,POLLO ENTERO,Kilogram,1596.2
almacen_ayb,7206,POLVO PARA HORNEAR,Kilogram,1.0
almacen_ayb,1482918,PONQUE GANSITO RAMO TRADIC 37 GR 6 UND,Unidad,20.0
almacen_ayb,,PORCION CADERA X 180 GR (PA),Unidad,172.0
almacen_ayb,,PORCION DE CADERA X 100 GRS (PA),Portion,410.0
almacen_ayb,,PORCION DE CADERA X 130 GRS (PA),Portion,343.0
almacen_ayb,,PORCION DE MOJARRA X 300 GRS (PA),Unidad,-120.0
almacen_ayb,,PORCION DE PUNTA DE ANCA X 250 GRS (PA),Unidad,88.0
almacen_ayb,,PORCION FILETE PECHUGA X 150 GRS (PA),Portion,200.0
almacen_ayb,,PORCION FILETE PECHUGA X 230 GRS (PA),Portion,835.0
almacen_ayb,,PORCION PULPA DE CERDO X 100 GRS (PA),Unidad,4099.0
almacen_ayb,,PREMEZCLA BROWINE,Kilogram,20.0
almacen_ayb,6042,PREMEZCLA KOMPLET BASE,Kilogram,4.52
almacen_ayb,2053,PULPA DE CERDO,Kilogram,553.819
almacen_ayb,5138,PULPA DE FRUTA CONGELADA,Kilogram,175.0
almacen_ayb,2055,PUNTA DE ANCA,Kilogram,48.167
almacen_ayb,,QUESO AMERICAN SINGL KRAFT,Kilogram,8.16
almacen_ayb,8042,QUESO CREMA,Kilogram,9.2
almacen_ayb,8057,QUESO MOZARELLA,Kilogram,148.0
almacen_ayb,8061,QUESO PARMESANO RALLADO,Kilogram,4.0
almacen_ayb,5140,RAIZ CHINA,Kilogram,85.0
almacen_ayb,,RECORTE DE CADERA X GR (PA),Portion,3164.0
almacen_ayb,,RECORTE DE PUNTA DE ANCA (PA),Portion,11224.0
almacen_ayb,,RON BACARDI SUPERIOR,Liter,1.4
almacen_ayb,,SAL,Kilogram,158.0
almacen_ayb,7550,SAL SOBRE,Unidad,28000.0
almacen_ayb,7227,SAL REFISAL PARRILLA,Kilogram,6.5
almacen_ayb,7230,SALSA BBQ,Kilogram,41.0
almacen_ayb,,SALSA CHIPOTLE,Kilogram,5.2
almacen_ayb,7317,SALSA DE AJI,Liter,10.26
almacen_ayb,7319,SALSA DE SOYA,Liter,11.25
almacen_ayb,1483105,SALSA DE SOYA SOBRE,Unidad,2400.0
almacen_ayb,7237,SALSA DE TOMATE,Kilogram,74.95
almacen_ayb,7552,SALSA DE TOMATE SOBRE,Unidad,1020.0
almacen_ayb,7321,SALSA NEGRA,Liter,7.6
almacen_ayb,7323,SALSA TERIYAKI,Liter,114.0
almacen_ayb,,SEMILLA DE CHIA,Kilogram,1.0
almacen_ayb,1373573,SEMILLAS DE CHIA,Kilogram,-1.0
almacen_ayb,7258,SPAGUETTI,Kilogram,22.0
almacen_ayb,5149,SUCHINI AMARILLO,Kilogram,90.0
almacen_ayb,5150,SUCHINI VERDE,Kilogram,90.0
almacen_ayb,8072,SUERO COSTENO,Kilogram,2.0
almacen_ayb,,TAJIN SALSA EN POLVO,Kilogram,-1.0
almacen_ayb,,TAMAL X 350 GRS,Unidad,60.0
almacen_ayb,1472817,TEQUILA DON JULIO 70 CRISTALINO,Liter,8.4
almacen_ayb,,TEQUILA DON JULIO REPOSADO,Liter,8.4
almacen_ayb,,TEQUILA JOSE CUERVO ESP. SILVER,Liter,1.5
almacen_ayb,4048,TOCINETA AHUMADA,Kilogram,170.0
almacen_ayb,2063,TOCINETA DE CERDO,Kilogram,402.1
almacen_ayb,5154,TOMATE CHONTO,Kilogram,484.0
almacen_ayb,1042498,TORTILLA BIMBO,Unidad,180.0
almacen_ayb,24024,TRIPLE SEC,Liter,2.25
almacen_ayb,,TROZOS DE FRUTA CONGELADA,Kilogram,88.0
almacen_ayb,,TRUCHA DESHUESADA,Kilogram,108.49
almacen_ayb,,VERDURAS MIXTAS MC CAIN,Kilogram,38.0
almacen_ayb,7327,VINAGRE BALSAMICO,Liter,4.0
almacen_ayb,7328,VINAGRE BLANCO,Liter,19.0
almacen_ayb,,VINAGRETA SOBRES,Unidad,4500.0
almacen_ayb,26051,VINO BLANCO TETRA,Liter,17.0
almacen_ayb,,VINO ESPUMOSO JP ICE ROSADO,Liter,7.5
almacen_ayb,,VINO LAS MORAS SAUVIGNON BLANCO,Liter,3.0
almacen_ayb,,VINO LAS MORAS TINTO MALBEC,Liter,3.0
almacen_ayb,26195,VINO MARQUES DE RISCAL TINTO,Liter,1.5
almacen_ayb,26198,VINO MARQUES RUEDA BLANCO,Liter,3.0
almacen_ayb,,VINO SEGURA VIUDAS BLANCO,Liter,2.25
almacen_ayb,26039,VINO TINTO TETRAPACK,Liter,6.0
almacen_ayb,25006,WHISKY BUCHANAN 18 ANOS,Liter,9.75
almacen_ayb,,WHISKY BUCHANAN S MASTER,Liter,1.5
almacen_ayb,25007,WHISKY BUCHANANS 12 ANOS,Liter,3.0
almacen_ayb,8306,YOGUR VASO,Unidad,9.0
almacen_ayb,,YOGURT GRIEGO,Liter,48.0
almacen_ayb,5164,YUCA,Kilogram,20.0
almacen_ayb,5167,ZANAHORIA,Kilogram,100.0
rest_fuentes_ayb,7290,ACEITE,Liter,851.4316
rest_fuentes_ayb,7292,ACEITE DE AJONJOLI,Liter,1.654
rest_fuentes_ayb,7293,ACEITE DE OLIVA,Liter,28.82
rest_fuentes_ayb,1483116,ACEITE DE OLIVA 10ML /BOLSA SOBRE X50 UN,Unidad,10.0
rest_fuentes_ayb,5001,ACELGA,Kilogram,19.093
rest_fuentes_ayb,,ACHIOTE,Kilogram,2.2
rest_fuentes_ayb,7003,ACHIOTE MOLIDO,Kilogram,7.124
rest_fuentes_ayb,,ADEREZO QUESO CHEDDAR,Liter,24.72
rest_fuentes_ayb,,AGUA 280 ML,Unidad,1547.0
rest_fuentes_ayb,29018,AGUA BOTELLA,Unidad,6960.0
rest_fuentes_ayb,29019,AGUA BOTELLON,Unidad,109.0065
rest_fuentes_ayb,29033,AGUA SABORIZADA H2O,Unidad,148.0
rest_fuentes_ayb,,AGUA TONICA SCHWEPPES,Unidad,73.0
rest_fuentes_ayb,,AGUA WAIRA SABORIZADA,Unidad,679.0
rest_fuentes_ayb,5004,AGUACATE,Kilogram,81.011
rest_fuentes_ayb,,AGUARDIENTE AMARILLO PIONERO,Liter,1.5
rest_fuentes_ayb,1241542,AGUARDIENTE ANTIOQUENO SIN AZUCAR,Liter,6.75
rest_fuentes_ayb,,AGUARDIENTE NECTAR CLUB,Liter,1.5
rest_fuentes_ayb,,AJI CASERO PISCILAGO (PA),Unidad,-2690.0
rest_fuentes_ayb,,AJI ROCOTTO,Kilogram,1.7
rest_fuentes_ayb,5009,AJO,Kilogram,67.9059
rest_fuentes_ayb,,AJO GRANULADO,Kilogram,-1.0
rest_fuentes_ayb,6001,AJONJOLI,Kilogram,13.835
rest_fuentes_ayb,6002,AJONJOLI NEGRO,Kilogram,5.0
rest_fuentes_ayb,3001,ALAS DE POLLO,Kilogram,135.5
rest_fuentes_ayb,5010,ALBACON,Kilogram,48.8
rest_fuentes_ayb,5011,ALBAHACA,Kilogram,-0.06
rest_fuentes_ayb,5013,ALCACHOFA,Kilogram,1.0
rest_fuentes_ayb,7008,ALCAPARRAS FRASCO,Kilogram,5.0
rest_fuentes_ayb,6003,ALMENDRAS,Kilogram,2.21
rest_fuentes_ayb,,APANADO,Kilogram,11.65
rest_fuentes_ayb,5015,APIO,Kilogram,46.8776
rest_fuentes_ayb,,ARANDANOS,Kilogram,5.24
rest_fuentes_ayb,7337,AREPA DE HUEVO,Unidad,2197.0
rest_fuentes_ayb,8095,AREPA DE QUESO,Unidad,121.0
rest_fuentes_ayb,8097,AREPA PAISA,Unidad,4382.0
rest_fuentes_ayb,5018,ARRACACHA,Kilogram,45.0
rest_fuentes_ayb,6005,ARROZ,Kilogram,210.0156
rest_fuentes_ayb,6008,ARROZ DONA PEPA,Kilogram,5.0
rest_fuentes_ayb,,ARROZ FEDERAL,Kilogram,1250.0
rest_fuentes_ayb,,ARROZ PARA SUSHI,Kilogram,9.07
rest_fuentes_ayb,,ARVEJA CONGELADA MCAIN,Kilogram,11.417
rest_fuentes_ayb,6013,ARVEJA VERDE SECA,Kilogram,16.0
rest_fuentes_ayb,2003,ASADO DE TIRA DE RES COLSUBSIDIO,Kilogram,5.12
rest_fuentes_ayb,7020,AVENA EN HOJUELAS,Kilogram,12.032
rest_fuentes_ayb,8101,AVENA VASO,Unidad,150.0
rest_fuentes_ayb,7022,AZUCAR BLANCA,Kilogram,258.2071
rest_fuentes_ayb,7023,AZUCAR MORENA,Kilogram,0.06
rest_fuentes_ayb,7342,AZUCAR SOBRES,Unidad,4200.0
rest_fuentes_ayb,5023,BANANO EXPORTADO,Kilogram,76.23
rest_fuentes_ayb,,BATIDO PARA APANAR,Kilogram,19.26
rest_fuentes_ayb,7231,BECHAMEL EN POLVO,Kilogram,2.291
rest_fuentes_ayb,5024,BERENJENA,Kilogram,19.1
rest_fuentes_ayb,8107,BONYURT,Unidad,16.0
rest_fuentes_ayb,7034,CAFE EN PEPA,Kilogram,-3.0
rest_fuentes_ayb,7035,CAFE GOURMET,Kilogram,0.5
rest_fuentes_ayb,1474050,CAFE INSTANTANEO COLCAFE 500 GR,Kilogram,6.0
rest_fuentes_ayb,,CAFE MOLIDO,Kilogram,32.0342
rest_fuentes_ayb,,CARNE DE HAMBURGUESA MIXTA,Unidad,85.0
rest_fuentes_ayb,,CARNE DE HAMBURGUESA MOLIDA,Unidad,1578.0
rest_fuentes_ayb,2012,CARNE MOLIDA,Kilogram,132.1
rest_fuentes_ayb,6015,CEBADA PERLADA,Kilogram,10.594
rest_fuentes_ayb,5032,CEBOLLA CABEZONA BLANCA,Kilogram,210.347
rest_fuentes_ayb,5033,CEBOLLA CABEZONA ROJA,Kilogram,140.998
rest_fuentes_ayb,,CEBOLLA EN POLVO,Kilogram,3.5
rest_fuentes_ayb,5034,CEBOLLA JUNCA,Kilogram,171.2978
rest_fuentes_ayb,5036,CEBOLLA PUERRO,Kilogram,32.8614
rest_fuentes_ayb,5038,CEBOLLIN,Kilogram,4.855
rest_fuentes_ayb,,CERVEZA AGUILA CERO,Unidad,744.0
rest_fuentes_ayb,28011,CERVEZA CORONA,Unidad,38.0
rest_fuentes_ayb,,CERVEZA HEINEKEN 0 LATA 250ML,Unidad,344.0
rest_fuentes_ayb,,CERVEZA HEINEKEN 310 ML,Unidad,-9.0
rest_fuentes_ayb,,CERVEZA HEINEKEN CERO,Unidad,-168.0
rest_fuentes_ayb,7048,CHAMPINON CORTADO,Kilogram,-17.02
rest_fuentes_ayb,7049,CHAMPINON NATURAL,Kilogram,36.8
rest_fuentes_ayb,,CHEESECAKE PISCILAGO (PA),Unidad,1.0
rest_fuentes_ayb,1473262,CHILE SECO CHIPOTLE,Kilogram,-0.043
rest_fuentes_ayb,,CHIMICHURRY PISCILAGO (PA),Unidad,-158.0
rest_fuentes_ayb,,CHOCOFLAN PISCILAGO (PA),Unidad,-1.0
rest_fuentes_ayb,7051,CHOCOLATE CON AZUCAR,Kilogram,12.975
rest_fuentes_ayb,4003,CHORIZO,Kilogram,194.965
rest_fuentes_ayb,5045,CILANTRO,Kilogram,19.3473
rest_fuentes_ayb,5047,CIRUELA IMPORTADA,Kilogram,1.0
rest_fuentes_ayb,7055,CLAVO DE OLOR,Kilogram,-0.0038
rest_fuentes_ayb,1473771,CLAVO PURO DE OLOR,Kilogram,0.045
rest_fuentes_ayb,,COCA COLA 400 CC,Unidad,963.0
rest_fuentes_ayb,28021,COLA Y POLA,Unidad,1665.0
rest_fuentes_ayb,7064,COLOR,Kilogram,16.101
rest_fuentes_ayb,7065,COMINO,Kilogram,4.8962
rest_fuentes_ayb,7395,COMPOTA,Unidad,221.0
rest_fuentes_ayb,,CONCENTRADO FRUTA ARAZA -MARACUYA 2 KG,Kilogram,30.0
rest_fuentes_ayb,2025,COSTILLA DE CERDO,Kilogram,35.9
rest_fuentes_ayb,2027,COSTILLA DE RES,Kilogram,40.8465
rest_fuentes_ayb,8079,CREMA DE LECHE,Liter,57.046
rest_fuentes_ayb,,CROISSA MARGA BICOL CHOC,Unidad,65.0
rest_fuentes_ayb,1475599,CROOKIES 90 GR PAQ X 4 UND,Unidad,32.0
rest_fuentes_ayb,4008,CROQUETA DE YUCA,Kilogram,14.5
rest_fuentes_ayb,1475598,CROSSANT JAMO Y QUES 100 GR PAQ X 4 UND,Unidad,11.0
rest_fuentes_ayb,6020,CUCHUCO DE MAIZ,Kilogram,2.119
rest_fuentes_ayb,6021,CUCHUCO DE TRIGO,Kilogram,4.0
rest_fuentes_ayb,,CURCUMA POLVO,Kilogram,0.9
rest_fuentes_ayb,7080,CURRY EN POLVO,Kilogram,0.3
rest_fuentes_ayb,,DONAS SURTIDAS,Unidad,12.0
rest_fuentes_ayb,,DULCE DE MORA PISCILAGO (PA),Portion,-174.0
rest_fuentes_ayb,5053,DURAZNO IMPORTADO,Kilogram,1.0
rest_fuentes_ayb,7413,EMPANADA DE PAPA Y CARNE X50 GR,Unidad,2663.0
rest_fuentes_ayb,1473018,EMPANADA POLLO X50 GR,Unidad,1086.0
rest_fuentes_ayb,7304,ESCENCIA SABORES SURTIDOS,Liter,0.5
rest_fuentes_ayb,5057,ESPARRAGOS,Kilogram,5.0
rest_fuentes_ayb,7096,ESPARRAGOS EN FRASCO,Kilogram,2.64
rest_fuentes_ayb,5058,ESPINACA,Kilogram,1.0
rest_fuentes_ayb,,EV MINI POSTRE TORTA NEGRA PISCILAGO (PA),Unidad,5.0
rest_fuentes_ayb,3007,FILETE DE POLLO,Kilogram,92.55
rest_fuentes_ayb,1475596,FLAT ORIGIN 6.75 X 6.75 120 UND,Unidad,485.0
rest_fuentes_ayb,,FLAUTA CHOCOLATE PASTRY,Unidad,9.0
rest_fuentes_ayb,,FONDO DE POLLO PISCILAGO (PA),Portion,-23.0
rest_fuentes_ayb,5062,FRESA,Kilogram,16.71
rest_fuentes_ayb,7420,FRESCO FRUTINO,Unidad,438.7
rest_fuentes_ayb,6023,FRIJOL ROJO/SABANERO,Kilogram,507.39
rest_fuentes_ayb,,FRIJOL CARAOTA,Kilogram,26.0
rest_fuentes_ayb,,FRIJOL PREPARADO PISCILAGO (PA),Unidad,-1518.0
rest_fuentes_ayb,6028,GARBANZO,Kilogram,10.5
rest_fuentes_ayb,29034,GASEOSA KOLA SOL 330 ML,Unidad,11249.0
rest_fuentes_ayb,29035,GASEOSA KOLA SOL 600 ML,Unidad,5830.0
rest_fuentes_ayb,,GASEOSA POSTOBON 400 ML,Unidad,265.0
rest_fuentes_ayb,,GASEOSA QUATRO 400 ML,Unidad,72.0
rest_fuentes_ayb,29040,GASEOSA SPRITE X 400,Unidad,72.0
rest_fuentes_ayb,29042,GATORADE,Unidad,2630.0
rest_fuentes_ayb,,GINEBRA HENDRICK S,Liter,9.0
rest_fuentes_ayb,27011,GINEBRA TANQUERAY,Liter,4.2
rest_fuentes_ayb,,GINGER BEER * 200 ML,Unidad,44.0
rest_fuentes_ayb,1482289,GLUTAMATO MONOSODICO,Kilogram,1.2
rest_fuentes_ayb,7109,GRAGEAS SURTIDAS,Kilogram,0.5
rest_fuentes_ayb,5067,GRANADILLA,Kilogram,1.0
rest_fuentes_ayb,,GRANOLA,Kilogram,-0.46
rest_fuentes_ayb,,GUACAMOLE PISCILAGO (PA),Portion,-312.0
rest_fuentes_ayb,5069,GUASCAS,Kilogram,2.0
rest_fuentes_ayb,,GUISO CRIOLLO PISCILAGO (PA),Portion,-3090.5
rest_fuentes_ayb,5076,HABICHUELA,Kilogram,6.0
rest_fuentes_ayb,7112,HARINA DE SEMOLA,Kilogram,26.0
rest_fuentes_ayb,7113,HARINA DE TRIGO,Kilogram,86.192
rest_fuentes_ayb,,HASHBROWN,Kilogram,95.34
rest_fuentes_ayb,8135,HELADO CASERO SABORES SURTIDOS,Unidad,-2076.0
rest_fuentes_ayb,5077,HIERBAS HIERBABUENA,Kilogram,7.537
rest_fuentes_ayb,5173,HOJAS DE NORI,Unidad,100.0
rest_fuentes_ayb,8318,HUEVOS DE GALLINA,Unidad,2809.5
rest_fuentes_ayb,,JALAPENOS FRASCO,Kilogram,6.0
rest_fuentes_ayb,4020,JAMON SANDWICH,Kilogram,32.787
rest_fuentes_ayb,5065,JENGIBRE,Kilogram,10.5
rest_fuentes_ayb,27012,JEREZ TIO PEPE,Liter,4.5
rest_fuentes_ayb,,JUGO DE LIMON COMPRADO,Liter,32.274
rest_fuentes_ayb,29047,JUGO HIT BOTELLA,Unidad,984.0
rest_fuentes_ayb,29048,JUGO HIT CAJA,Unidad,1622.0
rest_fuentes_ayb,5085,KIWI,Kilogram,4.3
rest_fuentes_ayb,,LASAGNA MONTICELLO,Kilogram,55.0
rest_fuentes_ayb,7123,LASANA,Kilogram,3.6
rest_fuentes_ayb,5086,LAUREL,Kilogram,2.0002
rest_fuentes_ayb,,LECHE ASADA PISCILAGO (PA),Unidad,-23.0
rest_fuentes_ayb,7313,LECHE DE COCO,Liter,3.2
rest_fuentes_ayb,8083,LECHE DESLACTOSADA,Liter,287.1667
rest_fuentes_ayb,7124,LECHE EN POLVO,Kilogram,5.4
rest_fuentes_ayb,8084,LECHE ENT LARGA VIDA,Liter,150.0
rest_fuentes_ayb,5087,LECHUGA BATAVIA,Kilogram,20.239
rest_fuentes_ayb,5088,LECHUGA CRESPA,Kilogram,49.979
rest_fuentes_ayb,5093,LECHUGA ROMANA,Kilogram,48.1
rest_fuentes_ayb,,LECHUGA RUGULA ORGANICA,Kilogram,3.0
rest_fuentes_ayb,6031,LENTEJA,Kilogram,5.236
rest_fuentes_ayb,7128,LEVADURA,Kilogram,0.012
rest_fuentes_ayb,5095,LIMON TAHITY,Kilogram,35.767
rest_fuentes_ayb,2039,LOMITO DE RES,Kilogram,3.57
rest_fuentes_ayb,2040,LOMO DE CERDO,Kilogram,4.2
rest_fuentes_ayb,5097,MAIZ DESGRANADO MAC CAIN,Kilogram,117.339
rest_fuentes_ayb,5100,MANDARINA,Kilogram,5.0
rest_fuentes_ayb,5101,MANGO,Kilogram,241.26
rest_fuentes_ayb,8143,MANTEQUILLA CUBO,Unidad,30.0
rest_fuentes_ayb,5103,MANZANA,Kilogram,2.0
rest_fuentes_ayb,5105,MANZANA ROYAL,Kilogram,7.12
rest_fuentes_ayb,7136,MARGARINA,Kilogram,53.048
rest_fuentes_ayb,,MARINADA DE CARNES PISCILAGO (PA),Unidad,-2454.37125
rest_fuentes_ayb,,MARINADA DE POLLO PISCILAGO (PA),Unidad,-494.0
rest_fuentes_ayb,7139,MAYONESA,Kilogram,-13.0162
rest_fuentes_ayb,7508,MAYONESA SOBRES,Unidad,16252.0
rest_fuentes_ayb,5107,MAZORCA,Kilogram,30.913
rest_fuentes_ayb,,MAZORCA ENTERA DULCE,Kilogram,54.0
rest_fuentes_ayb,5110,MELON,Kilogram,131.34
rest_fuentes_ayb,,MEZCLA EN POLVO DE HELADO,Kilogram,30.0
rest_fuentes_ayb,7314,MIEL,Liter,-3.745
rest_fuentes_ayb,7510,MIEL DE ABEJAS SOBRE,Unidad,1800.0
rest_fuentes_ayb,,MINICROQUETA DE YUCA,Kilogram,62.0
rest_fuentes_ayb,4025,MORCILLA,Kilogram,0.57
rest_fuentes_ayb,7151,MOSTAZA,Kilogram,13.303
rest_fuentes_ayb,29054,MR TEA 500,Unidad,131.0
rest_fuentes_ayb,7152,NACHOS NATURALES X500GR,Kilogram,3.0
rest_fuentes_ayb,5113,NARANJA VALENCIA,Kilogram,104.37
rest_fuentes_ayb,5114,NARANJA TANGELO,Kilogram,40.0
rest_fuentes_ayb,7154,NESCAFE,Kilogram,-8.552
rest_fuentes_ayb,,NESCAFE CAPUCCINO,Kilogram,4.0
rest_fuentes_ayb,5115,NUEZ MOSCADA,Kilogram,0.4
rest_fuentes_ayb,5117,OREGANO,Kilogram,0.4924
rest_fuentes_ayb,7162,OREGANO POLVO,Kilogram,0.4
rest_fuentes_ayb,,PAN ALINADO PISCILAGO (PA),Unidad,2408.0
rest_fuentes_ayb,8177,PAN BAGUETT,Unidad,256.75
rest_fuentes_ayb,,PAN DE BONO PISCILAGO (PA),Unidad,53.0
rest_fuentes_ayb,,PAN HAMBURGUESA ELABORADO PISCILAGO (PA),Unidad,818.0
rest_fuentes_ayb,,PAN PERRO ELABORADO PISCILAGO (PA),Unidad,-63.0
rest_fuentes_ayb,,PAN SANDWICH PISCILAGO (PA),Unidad,-1042.0
rest_fuentes_ayb,7165,PANELA,Kilogram,20.047
rest_fuentes_ayb,7167,PAPA A LA FRANCESA,Kilogram,163.2
rest_fuentes_ayb,,PAPA CABELLO DE ANGEL,Kilogram,20.0
rest_fuentes_ayb,5120,PAPA CRIOLLA,Kilogram,52.992
rest_fuentes_ayb,7168,PAPA CRIOLLA PRECOCIDA,Kilogram,153.988
rest_fuentes_ayb,7169,PAPA EN CASQUITOS,Kilogram,115.832
rest_fuentes_ayb,7527,PAPA FRITA PAQUETE,Unidad,552.0
rest_fuentes_ayb,7170,PAPA PARA PERRO,Kilogram,-51.345
rest_fuentes_ayb,5121,PAPA PASTUSA,Kilogram,12.0
rest_fuentes_ayb,5122,PAPA SABANERA,Kilogram,446.806
rest_fuentes_ayb,5124,PAPAYA,Kilogram,116.48
rest_fuentes_ayb,7171,PAPRIKA,Kilogram,1.12275
rest_fuentes_ayb,6037,PASSATTA X 2500 GRAMOS,Kilogram,48.3
rest_fuentes_ayb,7174,PASTA CONCHA,Kilogram,7.0
rest_fuentes_ayb,7177,PASTA DE TOMATE,Kilogram,4.3
rest_fuentes_ayb,7179,PASTA EN TORNILLOS,Kilogram,6.0
rest_fuentes_ayb,7181,PASTA FIDEOS,Kilogram,10.564
rest_fuentes_ayb,,PASTEL CARNE RANCHERO,Unidad,-18.0
rest_fuentes_ayb,,PASTEL DE MANZANA PASTRY,Unidad,8.0
rest_fuentes_ayb,,PASTEL POLLO CARBONA,Unidad,1.0
rest_fuentes_ayb,,PATACONES,Kilogram,44.425
rest_fuentes_ayb,5126,PATILLA,Kilogram,87.94
rest_fuentes_ayb,2048,PECHO DE RES,Kilogram,542.6
rest_fuentes_ayb,,PECHO DE RES X 63 GR (PA),Portion,-59.0
rest_fuentes_ayb,,PEPERONI MADURADO,Kilogram,10.0
rest_fuentes_ayb,7192,PEPINILLOS EN VINAGRE,Kilogram,6.5
rest_fuentes_ayb,5127,PEPINO COHOMBRO,Kilogram,55.0
rest_fuentes_ayb,5130,PERA,Kilogram,1.0
rest_fuentes_ayb,5131,PEREJIL,Kilogram,8.7
rest_fuentes_ayb,3021,PIERNA PERNIL DE POLLO,Kilogram,226.696
rest_fuentes_ayb,,PIERNITA DE POLLO,Kilogram,112.2
rest_fuentes_ayb,5008,PIMENTON,Kilogram,28.555
rest_fuentes_ayb,7198,PIMIENTA MOLIDA,Kilogram,-0.8
rest_fuentes_ayb,7199,PIMIENTA NEGRA,Kilogram,-0.178
rest_fuentes_ayb,5132,PINA,Kilogram,123.66
rest_fuentes_ayb,7203,PINA CUADROS,Kilogram,25.0
rest_fuentes_ayb,,PIZZA INDIVIDUAL CARNES COMPRADA,Unidad,5.0
rest_fuentes_ayb,,PIZZA INDIVIDUAL HAWAIANA COMPRADA,Unidad,5.0
rest_fuentes_ayb,,PIZZA INDIVIDUAL POLLO COMPRADA,Unidad,5.0
rest_fuentes_ayb,5134,PLATANO ARTON,Kilogram,490.73
rest_fuentes_ayb,3022,POLLO ENTERO,Kilogram,1114.959
rest_fuentes_ayb,,PORCION ARROZ PISCILAGO (PA),Unidad,-5577.4704
rest_fuentes_ayb,,PORCION COSTILLA CERDO X 100 GRS (PA),Unidad,-164.0
rest_fuentes_ayb,,PORCION COSTILLA CERDO X 300 GR (PA),Unidad,-45.0
rest_fuentes_ayb,,PORCION COSTILLA RES X 150 GRS (PA),Unidad,-4.0
rest_fuentes_ayb,,PORCION DE CADERA X 100 GRS (PA),Portion,1124.75
rest_fuentes_ayb,,PORCION DE CADERA X 130 GRS (PA),Portion,504.0
rest_fuentes_ayb,,PORCION DE CADERA X100 GRS,Portion,-100.0
rest_fuentes_ayb,,PORCION DE LOMO DE CERDO X 100 GRS (PA),Portion,296.0
rest_fuentes_ayb,,PORCION DE MOJARRA X 300 GRS (PA),Unidad,13.0
rest_fuentes_ayb,,PORCION DE TOCINO DE CERDO X 100GR (PA),Unidad,-1749.25
rest_fuentes_ayb,,PORCION FILETE PECHUGA X 100 GRS (PA),Portion,875.0
rest_fuentes_ayb,,PORCION FILETE PECHUGA X 230 GRS (PA),Portion,406.978
rest_fuentes_ayb,,PORCION PULPA DE CERDO X 100 GRS (PA),Unidad,2223.5
rest_fuentes_ayb,2053,PULPA DE CERDO,Kilogram,68.26
rest_fuentes_ayb,5138,PULPA DE FRUTA CONGELADA,Kilogram,241.2
rest_fuentes_ayb,8021,QUESILLO,Kilogram,2.5
rest_fuentes_ayb,,QUESO AMERICAN SINGL KRAFT,Kilogram,20.4
rest_fuentes_ayb,8042,QUESO CREMA,Kilogram,1.8521
rest_fuentes_ayb,8057,QUESO MOZARELLA,Kilogram,95.459
rest_fuentes_ayb,8061,QUESO PARMESANO RALLADO,Kilogram,14.34
rest_fuentes_ayb,5140,RAIZ CHINA,Kilogram,31.37
rest_fuentes_ayb,,RECORTE FILETE DE PECHUGA (PA),Unidad,-12.0
rest_fuentes_ayb,29060,RED BULLIZANTE RED BULL,Unidad,146.0
rest_fuentes_ayb,5141,REMOLACHA,Kilogram,40.0
rest_fuentes_ayb,,RUB SECO CARNE HAMBURGUESA PISCILAGO (PA),Portion,-485.0
rest_fuentes_ayb,5147,RUGULA,Kilogram,3.14
rest_fuentes_ayb,,SAL,Kilogram,203.51693
rest_fuentes_ayb,7550,SAL SOBRE,Unidad,4624.0
rest_fuentes_ayb,4069,SALCHICHA AMERICANA,Unidad,467.0
rest_fuentes_ayb,,SALPICON PISCILAGO (PA),Unidad,-24.25
rest_fuentes_ayb,7230,SALSA BBQ,Kilogram,43.54
rest_fuentes_ayb,,SALSA CHIPOTLE,Kilogram,0.4
rest_fuentes_ayb,7317,SALSA DE AJI,Liter,6.237
rest_fuentes_ayb,,SALSA DE QUESO Y AJO PISCILAGO (PA),Unidad,-2611.0
rest_fuentes_ayb,7319,SALSA DE SOYA,Liter,0.08
rest_fuentes_ayb,1483105,SALSA DE SOYA SOBRE,Unidad,600.0
rest_fuentes_ayb,7237,SALSA DE TOMATE,Kilogram,22.029
rest_fuentes_ayb,7552,SALSA DE TOMATE SOBRE,Unidad,20108.0
rest_fuentes_ayb,,SALSA ESPECIAL PARA HAMBURGUESA (PA),Portion,-15.0
rest_fuentes_ayb,7321,SALSA NEGRA,Liter,58.68
rest_fuentes_ayb,,SALSA PESTO PISCILAGO (PA),Portion,-195.0
rest_fuentes_ayb,7323,SALSA TERIYAKI,Liter,31.7
rest_fuentes_ayb,7247,SALVADO,Kilogram,0.08
rest_fuentes_ayb,,SEMILLA DE CHIA,Kilogram,0.226
rest_fuentes_ayb,1373573,SEMILLAS DE CHIA,Kilogram,1.0
rest_fuentes_ayb,,SILLAO ROSSI,Liter,12.0
rest_fuentes_ayb,7258,SPAGUETTI,Kilogram,13.5
rest_fuentes_ayb,5149,SUCHINI AMARILLO,Kilogram,27.93
rest_fuentes_ayb,5150,SUCHINI VERDE,Kilogram,67.93
rest_fuentes_ayb,,TAJIN,Kilogram,-1.068
rest_fuentes_ayb,,TAJIN SALSA EN POLVO,Kilogram,3.13
rest_fuentes_ayb,,TAMAL X 350 GRS,Unidad,73.0
rest_fuentes_ayb,1472817,TEQUILA DON JULIO 70 CRISTALINO,Liter,0.7
rest_fuentes_ayb,27039,TEQUILA JOSE CUERVO,Liter,0.75
rest_fuentes_ayb,,TEQUILA REPOSADO OLMECA,Liter,0.7
rest_fuentes_ayb,4047,TOCINETA,Kilogram,18.2
rest_fuentes_ayb,4048,TOCINETA AHUMADA,Kilogram,124.986
rest_fuentes_ayb,2063,TOCINETA DE CERDO,Kilogram,265.61
rest_fuentes_ayb,5153,TOMATE CHERRY,Kilogram,25.0
rest_fuentes_ayb,5154,TOMATE CHONTO,Kilogram,143.251
rest_fuentes_ayb,5156,TOMATE MILANO,Kilogram,3.0
rest_fuentes_ayb,5158,TOMILLO,Kilogram,3.5486
rest_fuentes_ayb,,TORTA CASERA PISCILAGO (PA),Unidad,-4.0
rest_fuentes_ayb,1042498,TORTILLA BIMBO,Unidad,76.0
rest_fuentes_ayb,,TROZOS DE FRUTA CONGELADA,Kilogram,15.5
rest_fuentes_ayb,5159,UCHUVA,Kilogram,1.0
rest_fuentes_ayb,5160,UVA QUEEN N,Kilogram,1.0
rest_fuentes_ayb,5162,UVA ISABELA,Kilogram,36.99
rest_fuentes_ayb,5163,UVAS CHILENAS,Kilogram,1.0
rest_fuentes_ayb,7283,UVAS PASAS,Kilogram,2.0
rest_fuentes_ayb,,VERDURAS MIXTAS MC CAIN,Kilogram,7.298
rest_fuentes_ayb,7327,VINAGRE BALSAMICO,Liter,4.0
rest_fuentes_ayb,7328,VINAGRE BLANCO,Liter,29.02
rest_fuentes_ayb,7329,VINAGRE DE ARROZ,Liter,3.9
rest_fuentes_ayb,,VINAGRETA SOBRES,Unidad,200.0
rest_fuentes_ayb,,VINO ALTO LOS CARN MERLOT,Liter,1.5
rest_fuentes_ayb,26051,VINO BLANCO TETRA,Liter,20.0
rest_fuentes_ayb,,VINO ESPUMOSO JP ICE ROSADO,Liter,1.5
rest_fuentes_ayb,26171,VINO LAMBRUSCO ROSADO,Liter,2.25
rest_fuentes_ayb,,VINO LEYENDA SAUVIGNON BLANC,Liter,3.0
rest_fuentes_ayb,26195,VINO MARQUES DE RISCAL TINTO,Liter,3.0
rest_fuentes_ayb,26198,VINO MARQUES RUEDA BLANCO,Liter,3.0
rest_fuentes_ayb,,VINO SEGURA VIUDAS BLANCO,Liter,2.25
rest_fuentes_ayb,26039,VINO TINTO TETRAPACK,Liter,35.0
rest_fuentes_ayb,26322,VINO UNDURRAGA ROSE,Liter,1.5
rest_fuentes_ayb,26323,VINO UNDURRAGA SAUVIGNON BLANCO,Liter,0.75
rest_fuentes_ayb,27044,VODKA GREY GOOX,Liter,0.75
rest_fuentes_ayb,25004,WHISKI SELLO NEGRO,Liter,4.5
rest_fuentes_ayb,25006,WHISKY BUCHANAN 18 ANOS,Liter,8.449
rest_fuentes_ayb,,WHISKY BUCHANAN S MASTER,Liter,2.5
rest_fuentes_ayb,25007,WHISKY BUCHANANS 12 ANOS,Liter,3.0
rest_fuentes_ayb,25012,WHISKY OLD PARR 12 ANOS,Liter,0.5
rest_fuentes_ayb,,WHISKY OLD PARR 18 ANOS,Liter,0.75
rest_fuentes_ayb,8306,YOGUR VASO,Unidad,231.0
rest_fuentes_ayb,8311,YOGURT FINESSE VASO,Unidad,-10.0
rest_fuentes_ayb,,YOGURT GRIEGO,Liter,3.6
rest_fuentes_ayb,5167,ZANAHORIA,Kilogram,134.4866
rest_fuentes_suministros,95026266,PLATO BLANCO RECTANGULAR,Unidad,2500.0
rest_fuentes_suministros,97502964,BALDE PLASTICO 10 LTS,Unidad,3.0
rest_fuentes_suministros,97503242,ABRELATAS MARIPOSA FB,Unidad,4.0
rest_fuentes_suministros,95027285,AFVT) ANTIMICROBIANO FRUTAS Y VERDURAS,Unidad,4.0
rest_fuentes_suministros,95023788,ALCOHOL GLICERINADO 500ML CON VALVULA,Unidad,-1.0
rest_fuentes_suministros,97509265,AZAFATE 1_2 GN X 10 M- NAC,Unidad,30.0
rest_fuentes_suministros,97509264,AZAFATE 1_3 GN X 10 CM NAC,Unidad,30.0
rest_fuentes_suministros,97509263,AZAFATE 1_6 GN X 10 CM NAC,Unidad,20.0
rest_fuentes_suministros,95032184,BANDEJA EN EARTH PACT 38 X 28,Unidad,5020.0
rest_fuentes_suministros,95019181,BANDEJA RECTANGULAR,Unidad,1680.0
rest_fuentes_suministros,95023864,BARRAIMANTADA TRAMONTINA,Unidad,12.0
rest_fuentes_suministros,97509254,BATIDOR GLOBO 30 CMS INOXIDABLE NAC,Unidad,4.0
rest_fuentes_suministros,95023827,BOLSA BLANCA RESD APROV 40X60 PAQ X 50,Unidad,8.0
rest_fuentes_suministros,95023833,BOLSA BLANCA RESD APROV 90X110 CAL 2,Unidad,200.0
rest_fuentes_suministros,95005752,BOLSA CANASTILLA 24X39 PULG CAL 1 X KILO,Unidad,78.0
rest_fuentes_suministros,95023286,BOLSA EMPAQUE AL VACIO*22CM*18CM*70 MIC,Unidad,25.0
rest_fuentes_suministros,95023287,BOLSA EMPAQUE AL VACIO*30CM*20CM*70 MIC,Unidad,23.0
rest_fuentes_suministros,95023288,BOLSA EMPAQUE AL VACIO*42 CM*35CM*70 MIC,Unidad,9.5
rest_fuentes_suministros,95023828,BOLSA NEGRA RESD NO APROV 40X60 PAQ X 50,Unidad,9.0
rest_fuentes_suministros,95023834,BOLSA NEGRA RESD NO APROV 90X1110 CAL 2,Unidad,125.0
rest_fuentes_suministros,95024135,BOLSA PAPEL ANTIGRASO ANTOJOS,Unidad,7000.0
rest_fuentes_suministros,95009618,BOLSA PARAFIN.HAMBUR 20X20 CAL 2 PAQX100,Unidad,24.0
rest_fuentes_suministros,95020302,BOLSA RESELLABLE 18 X 17 CM PAQ X 100,Unidad,60.0
rest_fuentes_suministros,95023835,BOLSA VERDE RESD ORG APROV 90X110 CAL 2,Unidad,175.0
rest_fuentes_suministros,95024101,BOTELLA DE VIDRIO 250 CC,Unidad,250.0
rest_fuentes_suministros,95025023,BOWL 1.300 ML CON TAPA,Unidad,2400.0
rest_fuentes_suministros,97502892,BOWL ACERO INOXIDABLE 3 LT FB,Unidad,8.0
rest_fuentes_suministros,97502894,BOWL ACERO INOXIDABLE 4 LT FB,Unidad,8.0
rest_fuentes_suministros,97502896,BOWL ACERO INOXIDABLE 8 LT FB,Unidad,8.0
rest_fuentes_suministros,95025962,BOWLS KRAFT 26 ONZ- PQ*50,Unidad,36.0
rest_fuentes_suministros,95013346,CABO PARA ESCOBA METALICO,Unidad,16.0
rest_fuentes_suministros,95013356,CAJA MENU INFANTIL IMPR. 15.5X10X9.5 CM,Unidad,1300.0
rest_fuentes_suministros,95001097,CAJA PORTA PERROS IMPRESA PAQX250,Unidad,2.6
rest_fuentes_suministros,97503118,CALDERO ALUM FUND TAPA 36CM 11.4LT FB,Unidad,2.0
rest_fuentes_suministros,97503120,CALDERO ALUM FUND TAPA 44CM 17LT FB,Unidad,2.0
rest_fuentes_suministros,95004147,COLADOR CHINO GRANDE,Unidad,4.0
rest_fuentes_suministros,95024223,COPA DE 1/2 OZ CON TAPA,Unidad,26000.0
rest_fuentes_suministros,95031186,CORTADOR DE HUEVOS,Unidad,12.0
rest_fuentes_suministros,95008754,CORTADOR DE PIZZA PROFESIONAL,Unidad,8.0
rest_fuentes_suministros,95001224,COSEDORA ESTANDAR 26/6 REF. 570,Unidad,1.0
rest_fuentes_suministros,,CUCHARA DE POSTRE,Unidad,-3.0
rest_fuentes_suministros,97502906,CUCHARA HELADO FB,Unidad,2.0
rest_fuentes_suministros,95025957,CUCHARA POSTRE ALMIDON . MAIZ PTE* 100,Unidad,10.0
rest_fuentes_suministros,95022333,CUCHARA SERVIR ACERO INOX,Unidad,10.0
rest_fuentes_suministros,97509234,CUCHARON 8 ONZAS NAC,Unidad,10.0
rest_fuentes_suministros,97503165,"CUCHILLO 10"" MANGO AMARILLO",Unidad,20.0
rest_fuentes_suministros,97503169,"CUCHILLO 10"" MANGO AZUL",Unidad,20.0
rest_fuentes_suministros,97503163,"CUCHILLO 10"" MANGO BLANCO",Unidad,20.0
rest_fuentes_suministros,97503171,"CUCHILLO 10"" MANGO ROJO",Unidad,20.0
rest_fuentes_suministros,97503167,"CUCHILLO 10"" MANGO VERDE NAC",Unidad,20.0
rest_fuentes_suministros,97503149,"CUCHILLO 6"""" MANGO NEGRO NAC",Unidad,20.0
rest_fuentes_suministros,95021169,"CUCHILLO DESHUESAR DE 6""",Unidad,2.0
rest_fuentes_suministros,97503177,"CUCHILLO LEGUMBRES 4"""" NAC",Unidad,24.0
rest_fuentes_suministros,95021392,DESENGRASANTE G PLUS 3780 ML,Unidad,6.0
rest_fuentes_suministros,95021396,DESINFECTANTE ALIMENTOS XY-12 3780ML,Unidad,3.0
rest_fuentes_suministros,95021390,DESINFECTANTE AMBIENTES WHISPERV 3780ML,Unidad,3.0
rest_fuentes_suministros,95021401,DETERG ENZIMATICO PISO WASH&WALK 9450ML,Unidad,6.0
rest_fuentes_suministros,95021410,DETERGENTE MULTIUSO PANTASTIC 20 LITROS,Unidad,9.0
rest_fuentes_suministros,95004114,ESCOBA DURA 37CM MANGO MADERA,Unidad,8.0
rest_fuentes_suministros,95004115,ESCOBA FIBRA SUAVE,Unidad,6.0
rest_fuentes_suministros,97503296,ESCURRIDOR FRITOS FB,Unidad,4.0
rest_fuentes_suministros,95001245,ESFERO TINTA NEGRA,Unidad,18.0
rest_fuentes_suministros,95026729,ESPATULA FRITURA 5X2,Unidad,11.0
rest_fuentes_suministros,97503199,ESPATULA FRITURA 6X3 1/2 CM BOG,Unidad,10.0
rest_fuentes_suministros,95022559,ESPATULA PARA PIZZA,Unidad,6.0
rest_fuentes_suministros,95026727,ESPATULA REPOSTERIA 10 PULGADAS,Unidad,2.0
rest_fuentes_suministros,95026728,ESPATULA REPOSTERIA 6 PULGADAS,Unidad,1.0
rest_fuentes_suministros,95024156,ESPATULA RESISTENTEN AL CALOR,Unidad,12.0
rest_fuentes_suministros,95009678,ESPONJA HORNOS PARRILLA 3M ROLLO X 5 MT,Unidad,2.0
rest_fuentes_suministros,95031010,ETIQUETA ROTACION AYB,Unidad,4.0
rest_fuentes_suministros,95004116,EXPRIMIDOR TRAPERO 33-35 LITROS,Unidad,1.0
rest_fuentes_suministros,95001089,F-393 VALERA COMIDA-PERSONAL LIBX50,Unidad,30.0
rest_fuentes_suministros,95001482,GANCHO COSEDORA 26/6 ESTANDAR X 5000 UN,Unidad,1.0
rest_fuentes_suministros,95010470,GUANTE CAUCHO AFELPADO AMARILLO T.L,Unidad,2.0
rest_fuentes_suministros,95009582,GUANTE DE CAUCHO CAL. 35 NO 9 PAR,Unidad,5.0
rest_fuentes_suministros,95010466,GUANTE DE NITRILO TALLA M CJ X 50 PARES,Unidad,19.0
rest_fuentes_suministros,95010394,GUANTES DE POLIETILENO CJX50 PARES,Unidad,40.0
rest_fuentes_suministros,95031303,JABON LIQUIDO EPROCARE 3780ML/1 GALON,Unidad,8.0
rest_fuentes_suministros,95008221,LIJA AGUA NO. 120,Unidad,90.0
rest_fuentes_suministros,95009577,LIMPION PAPEL NATURAL INDUSTR RLLX550MT,Unidad,10.0
rest_fuentes_suministros,95006744,LIMPION WYPOL X-70 REUTILIZABLE CJ X 6RLS,Unidad,3.333
rest_fuentes_suministros,95032256,MALLA DE PIZZA 30 CMS,Unidad,30.0
rest_fuentes_suministros,95032257,MALLA DE PIZZA 36 CMS,Unidad,30.0
rest_fuentes_suministros,95032258,MALLA DE PIZZA 46 CMS,Unidad,10.0
rest_fuentes_suministros,95019897,MALLA DELGADA A&B PARA EL CABELLO 50MM,Unidad,20.0
rest_fuentes_suministros,95022736,MANDOLINA ACERO INOX,Unidad,2.0
rest_fuentes_suministros,95001252,MARCADOR PERMANENTE NEGRO,Unidad,10.0
rest_fuentes_suministros,95004482,MASCARILLA DESECHABLE CAUCHOS CJX50 UN,Unidad,48.0
rest_fuentes_suministros,95004117,MECHA PARA TRAPERO REF.1000 DE 405 GR,Unidad,5.0
rest_fuentes_suministros,95023482,MEZCLADOR EN MADERA 11CM PAQ X 1000,Unidad,6.0
rest_fuentes_suministros,95032368,MOLDE ALUMINIO LASANA 16 ONZAS,Unidad,120.0
rest_fuentes_suministros,97502918,OLLA A PRESION 15 LT,Unidad,2.0
rest_fuentes_suministros,95019798,ORGANIZADOR PORTA ESCOBA,Unidad,9.0
rest_fuentes_suministros,95009613,PALILLO MADERA PARA HAMBURGUESA PAQX100,Unidad,1.2
rest_fuentes_suministros,95023584,PALO DE BAMBU ROJO,Unidad,29.0
rest_fuentes_suministros,95004221,PAPEL ALUMINIO ROLLO 12 X 300 FT,Unidad,2.0
rest_fuentes_suministros,95001306,PAPEL FOTOCOPIA TAMANO CARTA 75 GR,Unidad,6.0
rest_fuentes_suministros,95023350,PASTILLA LIMPIADOR HORNO AZUL BALDE X150,Unidad,287.0
rest_fuentes_suministros,95024760,PASTILLA LIMPIADOR HORNO VERDE BALDEX150,Unidad,300.0
rest_fuentes_suministros,97502982,PEROL ANODIZADO 24 CM FB,Unidad,10.0
rest_fuentes_suministros,97501556,PIEDRA DE AFILAR DOBLE FAZ,Unidad,6.0
rest_fuentes_suministros,95023201,PIMENTERO EN ACERO INOXIDABLE,Unidad,2.0
rest_fuentes_suministros,95006710,PITILLO DE PAPEL CAJA,Unidad,2035.0
rest_fuentes_suministros,95027684,PLATO 15CM PULPA CANA PTE*20 UN,Unidad,323.0
rest_fuentes_suministros,95024943,PLATO CUADRADO PULPA 26 CM 250X50,Unidad,375.0
rest_fuentes_suministros,95025974,PORTACOMIDA J1 PULPA DE PAPEL PTE*50,Unidad,1.0
rest_fuentes_suministros,95004118,"PORTATRAPERO METALICO 2 MARIP1,50CM",Unidad,1.0
rest_fuentes_suministros,95004100,RECOGEDOR BASURA PLASTICO,Unidad,6.0
rest_fuentes_suministros,95005698,RELOJ DE PARED,Unidad,4.0
rest_fuentes_suministros,95004428,ROLLO VINILPEL EMP.FRUVER 300MMX1500MT,Unidad,2.0
rest_fuentes_suministros,95012626,SALERO ACERO INOX IND 1,Unidad,10.0
rest_fuentes_suministros,95007665,SALSERO PLASTICO TRANSPRENTE,Unidad,48.0
rest_fuentes_suministros,95031800,SERVILLETAS BIODEGRADABLES,Unidad,4.501
rest_fuentes_suministros,95025960,SET CUCHARA SERVIL A.MAIZ PAQ*100,Unidad,10.0
rest_fuentes_suministros,,SET TENED CUCHI SERVIL PP BIOD PQT X 100,Unidad,4500.0
rest_fuentes_suministros,95025959,SET TENEDOR CUCHILLO SERVI A.MAIZ P*100,Unidad,164.0
rest_fuentes_suministros,97503006,TABLA ACRILICA P/PICAR ROJO 50X38CM FB,Unidad,10.0
rest_fuentes_suministros,97503004,TABLA ACRILICA PICAR BLANCO 50X38CM FB,Unidad,10.0
rest_fuentes_suministros,97503008,TABLA ACRILICA PICAR VERDE 50X38CM FB,Unidad,12.0
rest_fuentes_suministros,95026723,TABLA PARA PICAR 51X38X1 CAFE,Unidad,10.0
rest_fuentes_suministros,95026722,TABLA PARA PICAR AMARILLA,Unidad,10.0
rest_fuentes_suministros,95026724,TABLA PARA PICAR AZUL,Unidad,10.0
rest_fuentes_suministros,95025963,TAPA PET BOWLS KRAF 26 ONZ PT*50,Unidad,36.0
rest_fuentes_suministros,95025075,TAPA VASO,Unidad,220.0
rest_fuentes_suministros,97509257,TIJERAS CORTA POLLO NAC,Unidad,4.0
rest_fuentes_suministros,97503257,TIMER 60 SEGUNDOS DIGITAL NAC,Unidad,10.0
rest_fuentes_suministros,95021157,TOALLA MANOS ROLLO CJX6 NATUR X 120 MT,Unidad,2.167
rest_fuentes_suministros,95022644,VASO 12 ONZAS,Unidad,232.0
rest_fuentes_suministros,95025948,VASO 12OZ POLIBOARD PAQ*50 UN,Unidad,51.0
rest_fuentes_suministros,95025945,VASO 7 OZ POLIBOARD PAQ*50 UN,Unidad,55.0
rest_fuentes_suministros,95025947,VASO 9 OZ POLIBOARD PAQ*50 UN,Unidad,50.0
rest_fuentes_suministros,95020134,VASO 14 ONZAS EN ACRILICO CON TAPA DOMO,Unidad,2500.0
rest_fuentes_suministros,97502990,WOK ANODIZADO 32 CM FB,Unidad,4.0
kiosco_taquilla_ayb,7290,ACEITE,Liter,56.82
kiosco_taquilla_ayb,,AGUA 280 ML,Unidad,33.0
kiosco_taquilla_ayb,29018,AGUA BOTELLA,Unidad,234.0
kiosco_taquilla_ayb,29019,AGUA BOTELLON,Unidad,10.38
kiosco_taquilla_ayb,29033,AGUA SABORIZADA H2O,Unidad,82.0
kiosco_taquilla_ayb,,AGUA WAIRA SABORIZADA,Unidad,118.0
kiosco_taquilla_ayb,,AJI CASERO PISCILAGO (PA),Unidad,-482.0
kiosco_taquilla_ayb,7337,AREPA DE HUEVO,Unidad,228.0
kiosco_taquilla_ayb,8101,AVENA VASO,Unidad,10.0
kiosco_taquilla_ayb,7022,AZUCAR BLANCA,Kilogram,2.5
kiosco_taquilla_ayb,7342,AZUCAR SOBRES,Unidad,745.0
kiosco_taquilla_ayb,8107,BONYURT,Unidad,13.0
kiosco_taquilla_ayb,,CARNE DE HAMBURGUESA MOLIDA,Unidad,21.0
kiosco_taquilla_ayb,,CERVEZA AGUILA CERO,Unidad,32.0
kiosco_taquilla_ayb,,CERVEZA HEINEKEN 0 LATA 250ML,Unidad,2.0
kiosco_taquilla_ayb,,CERVEZA HEINEKEN CERO,Unidad,-2.0
kiosco_taquilla_ayb,7367,CHITOS FAMILIAR,Unidad,23.0
kiosco_taquilla_ayb,,COCA COLA 400 CC,Unidad,46.0
kiosco_taquilla_ayb,28021,COLA Y POLA,Unidad,48.0
kiosco_taquilla_ayb,,DONAS SURTIDAS,Unidad,23.0
kiosco_taquilla_ayb,7413,EMPANADA DE PAPA Y CARNE X50 GR,Unidad,322.0
kiosco_taquilla_ayb,1473018,EMPANADA POLLO X50 GR,Unidad,185.0
kiosco_taquilla_ayb,,FLAUTA CHOCOLATE PASTRY,Unidad,-5.0
kiosco_taquilla_ayb,29034,GASEOSA KOLA SOL 330 ML,Unidad,122.0
kiosco_taquilla_ayb,29035,GASEOSA KOLA SOL 600 ML,Unidad,93.0
kiosco_taquilla_ayb,,GASEOSA POSTOBON 400 ML,Unidad,14.0
kiosco_taquilla_ayb,29042,GATORADE,Unidad,154.0
kiosco_taquilla_ayb,8135,HELADO CASERO SABORES SURTIDOS,Unidad,267.0
kiosco_taquilla_ayb,7117,HIELO EN CUBO,Kilogram,4.0
kiosco_taquilla_ayb,4020,JAMON SANDWICH,Kilogram,0.64
kiosco_taquilla_ayb,29047,JUGO HIT BOTELLA,Unidad,112.0
kiosco_taquilla_ayb,29048,JUGO HIT CAJA,Unidad,37.0
kiosco_taquilla_ayb,5088,LECHUGA CRESPA,Kilogram,1.294
kiosco_taquilla_ayb,7508,MAYONESA SOBRES,Unidad,403.0
kiosco_taquilla_ayb,29054,MR TEA 500,Unidad,40.0
kiosco_taquilla_ayb,7154,NESCAFE,Kilogram,0.688
kiosco_taquilla_ayb,,NESCAFE CAPUCCINO,Kilogram,1.815
kiosco_taquilla_ayb,,PAN HAMBURGUESA ELABORADO PISCILAGO (PA),Unidad,13.0
kiosco_taquilla_ayb,,PAN PERRO ELABORADO PISCILAGO (PA),Unidad,17.0
kiosco_taquilla_ayb,,PAN SANDWICH PISCILAGO (PA),Unidad,20.0
kiosco_taquilla_ayb,7167,PAPA A LA FRANCESA,Kilogram,2.52
kiosco_taquilla_ayb,7527,PAPA FRITA PAQUETE,Unidad,7.0
kiosco_taquilla_ayb,7170,PAPA PARA PERRO,Kilogram,3.063
kiosco_taquilla_ayb,7171,PAPRIKA,Kilogram,-0.0009
kiosco_taquilla_ayb,,PASTEL DE POLLO PASTRY,Unidad,-33.0
kiosco_taquilla_ayb,,PASTEL POLLO CARBONA,Unidad,32.0
kiosco_taquilla_ayb,8057,QUESO MOZARELLA,Kilogram,1.689
kiosco_taquilla_ayb,,SAL,Kilogram,-0.003
kiosco_taquilla_ayb,7550,SAL SOBRE,Unidad,810.0
kiosco_taquilla_ayb,4069,SALCHICHA AMERICANA,Unidad,17.0
kiosco_taquilla_ayb,,SALPICON PISCILAGO (PA),Unidad,10.0
kiosco_taquilla_ayb,,SALSA DE QUESO Y AJO PISCILAGO (PA),Unidad,20.0
kiosco_taquilla_ayb,7552,SALSA DE TOMATE SOBRE,Unidad,338.0
kiosco_taquilla_ayb,,SALSA ESPECIAL PARA HAMBURGUESA (PA),Portion,10.0
kiosco_taquilla_ayb,4048,TOCINETA AHUMADA,Kilogram,1.072
kiosco_taquilla_ayb,7571,TODO RICO,Unidad,71.0
kiosco_taquilla_ayb,5154,TOMATE CHONTO,Kilogram,2.14
kiosco_taquilla_ayb,8306,YOGUR VASO,Unidad,8.0
kiosco_piscigiros_ayb,7290,ACEITE,Liter,30.59
kiosco_piscigiros_ayb,,AGUA 280 ML,Unidad,24.0
kiosco_piscigiros_ayb,29018,AGUA BOTELLA,Unidad,423.0
kiosco_piscigiros_ayb,29019,AGUA BOTELLON,Unidad,3.0
kiosco_piscigiros_ayb,29033,AGUA SABORIZADA H2O,Unidad,59.0
kiosco_piscigiros_ayb,,AGUA WAIRA SABORIZADA,Unidad,81.0
kiosco_piscigiros_ayb,,AJI CASERO PISCILAGO (PA),Unidad,-333.0
kiosco_piscigiros_ayb,7337,AREPA DE HUEVO,Unidad,89.0
kiosco_piscigiros_ayb,8101,AVENA VASO,Unidad,18.0
kiosco_piscigiros_ayb,7022,AZUCAR BLANCA,Kilogram,2.43
kiosco_piscigiros_ayb,8107,BONYURT,Unidad,14.0
kiosco_piscigiros_ayb,,CARNE DE HAMBURGUESA MIXTA,Unidad,30.0
kiosco_piscigiros_ayb,,CARNE DE HAMBURGUESA MOLIDA,Unidad,7.0
kiosco_piscigiros_ayb,,CERVEZA AGUILA CERO,Unidad,153.0
kiosco_piscigiros_ayb,,CERVEZA HEINEKEN 0 LATA 250ML,Unidad,71.0
kiosco_piscigiros_ayb,,CERVEZA HEINEKEN CERO,Unidad,-47.0
kiosco_piscigiros_ayb,7367,CHITOS FAMILIAR,Unidad,1.0
kiosco_piscigiros_ayb,,COCA COLA 400 CC,Unidad,181.0
kiosco_piscigiros_ayb,28021,COLA Y POLA,Unidad,279.0
kiosco_piscigiros_ayb,,DONAS SURTIDAS,Unidad,27.0
kiosco_piscigiros_ayb,7413,EMPANADA DE PAPA Y CARNE X50 GR,Unidad,252.0
kiosco_piscigiros_ayb,1473018,EMPANADA POLLO X50 GR,Unidad,125.0
kiosco_piscigiros_ayb,,FLAUTA CHOCOLATE PASTRY,Unidad,8.0
kiosco_piscigiros_ayb,29034,GASEOSA KOLA SOL 330 ML,Unidad,108.0
kiosco_piscigiros_ayb,29035,GASEOSA KOLA SOL 600 ML,Unidad,55.0
kiosco_piscigiros_ayb,,GASEOSA POSTOBON 400 ML,Unidad,36.0
kiosco_piscigiros_ayb,29042,GATORADE,Unidad,125.0
kiosco_piscigiros_ayb,8135,HELADO CASERO SABORES SURTIDOS,Unidad,856.0
kiosco_piscigiros_ayb,7117,HIELO EN CUBO,Kilogram,2.0
kiosco_piscigiros_ayb,4020,JAMON SANDWICH,Kilogram,-0.128
kiosco_piscigiros_ayb,29047,JUGO HIT BOTELLA,Unidad,148.0
kiosco_piscigiros_ayb,29048,JUGO HIT CAJA,Unidad,68.0
kiosco_piscigiros_ayb,5088,LECHUGA CRESPA,Kilogram,0.824
kiosco_piscigiros_ayb,7508,MAYONESA SOBRES,Unidad,1224.0
kiosco_piscigiros_ayb,29054,MR TEA 500,Unidad,71.0
kiosco_piscigiros_ayb,,PAN PERRO ELABORADO PISCILAGO (PA),Unidad,-37.0
kiosco_piscigiros_ayb,,PAN SANDWICH PISCILAGO (PA),Unidad,-4.0
kiosco_piscigiros_ayb,7167,PAPA A LA FRANCESA,Kilogram,6.64
kiosco_piscigiros_ayb,7527,PAPA FRITA PAQUETE,Unidad,141.0
kiosco_piscigiros_ayb,7170,PAPA PARA PERRO,Kilogram,5.667
kiosco_piscigiros_ayb,7171,PAPRIKA,Kilogram,-0.0216
kiosco_piscigiros_ayb,,PASTEL CARNE RANCHERO,Unidad,-21.0
kiosco_piscigiros_ayb,,PASTEL DE POLLO PASTRY,Unidad,-8.0
kiosco_piscigiros_ayb,,PASTEL POLLO CARBONA,Unidad,-45.0
kiosco_piscigiros_ayb,8057,QUESO MOZARELLA,Kilogram,0.462
kiosco_piscigiros_ayb,,RUB SECO CARNE HAMBURGUESA PISCILAGO (PA),Portion,131.0
kiosco_piscigiros_ayb,,SAL,Kilogram,-0.12
kiosco_piscigiros_ayb,4069,SALCHICHA AMERICANA,Unidad,-37.0
kiosco_piscigiros_ayb,,SALPICON PISCILAGO (PA),Unidad,26.0
kiosco_piscigiros_ayb,,SALSA DE QUESO Y AJO PISCILAGO (PA),Unidad,-57.0
kiosco_piscigiros_ayb,7552,SALSA DE TOMATE SOBRE,Unidad,1734.0
kiosco_piscigiros_ayb,4048,TOCINETA AHUMADA,Kilogram,2.654
kiosco_piscigiros_ayb,7571,TODO RICO,Unidad,27.0
kiosco_piscigiros_ayb,5154,TOMATE CHONTO,Kilogram,2.29
kiosco_piscigiros_ayb,8306,YOGUR VASO,Unidad,8.0
kiosco_piscigiros_ayb,8311,YOGURT FINESSE VASO,Unidad,-2.0
zoologico,5001,ACELGA,Kilogram,220.7
zoologico,5004,AGUACATE,Kilogram,30.0
zoologico,5005,AHUYAMA,Kilogram,123.0
zoologico,5015,APIO,Kilogram,242.0
zoologico,,ARANDANOS,Kilogram,8.0
zoologico,5023,BANANO EXPORTADO,Kilogram,285.9
zoologico,5024,BERENJENA,Kilogram,1.6
zoologico,5027,BROCOLI,Kilogram,4.0
zoologico,,BROTES MIX VERDE,Kilogram,0.5
zoologico,2007,CADERA DE RES,Kilogram,68.8
zoologico,,CAFE MOLIDO,Kilogram,1.0
zoologico,5028,CALABACIN,Kilogram,2.0
zoologico,,CAMARON CRUDO,Kilogram,11.0
zoologico,5046,CIRUELA,Kilogram,26.0
zoologico,5050,COLIFLOR,Kilogram,12.0
zoologico,5054,DURAZNO NACIONAL,Kilogram,16.0
zoologico,5058,ESPINACA,Kilogram,50.8
zoologico,5062,FRESA,Kilogram,31.0
zoologico,6028,GARBANZO,Kilogram,7.0
zoologico,7106,GELATINA SIN SABOR,Kilogram,4.5
zoologico,5067,GRANADILLA,Kilogram,8.0
zoologico,5071,GUAYABA,Kilogram,105.0
zoologico,3009,HIGADO DE POLLO,Kilogram,11.3
zoologico,5078,HIGOS,Kilogram,1.3
zoologico,8318,HUEVOS DE GALLINA,Unidad,900.0
zoologico,5085,KIWI,Kilogram,1.2
zoologico,8083,LECHE DESLACTOSADA,Liter,19.99998
zoologico,5087,LECHUGA BATAVIA,Kilogram,259.5
zoologico,5091,LECHUGA MORADA,Kilogram,2.0
zoologico,5093,LECHUGA ROMANA,Kilogram,4.2
zoologico,5100,MANDARINA,Kilogram,20.0
zoologico,5101,MANGO,Kilogram,84.0
zoologico,5105,MANZANA ROYAL,Kilogram,56.0
zoologico,5107,MAZORCA,Kilogram,247.9
zoologico,5110,MELON,Kilogram,103.6
zoologico,1040,MOJARRA,Kilogram,58.3
zoologico,5124,PAPAYA,Kilogram,182.0
zoologico,5126,PATILLA,Kilogram,127.2
zoologico,5127,PEPINO COHOMBRO,Kilogram,4.9
zoologico,5131,PEREJIL,Kilogram,8.0
zoologico,5008,PIMENTON,Kilogram,30.0
zoologico,5132,PINA,Kilogram,10.0
zoologico,5134,PLATANO ARTON,Kilogram,189.0
zoologico,3022,POLLO ENTERO,Kilogram,350.0
zoologico,2053,PULPA DE CERDO,Kilogram,21.5
zoologico,5141,REMOLACHA,Kilogram,74.6
zoologico,5143,REPOLLO MORADO,Kilogram,3.0
zoologico,5149,SUCHINI AMARILLO,Kilogram,6.6
zoologico,5154,TOMATE CHONTO,Kilogram,30.0
zoologico,5155,TOMATE DE ARBOL,Kilogram,16.0
zoologico,,TRUCHA DESHUESADA,Kilogram,88.4
zoologico,5159,UCHUVA,Kilogram,2.0
zoologico,5162,UVA ISABELA,Kilogram,40.0
zoologico,5164,YUCA,Kilogram,38.0
zoologico,5167,ZANAHORIA,Kilogram,242.6
zoologico_suministros,95004459,CINTA SELLAMIENTO 48 MM X 50 MTS,Unidad,2.0
zoologico_suministros,80052010,PEDYALITE X 500 ML,Unidad,12.0
zoologico_suministros,80031395,ACIDO POLIGLICOLICO 0-0 (USO ZOOLOGICO),Unidad,5.0
zoologico_suministros,80026826,ACIDO POLIGLICOLICO 2-0 (USO ZOOLOGICO),Unidad,1.0
zoologico_suministros,80026827,ACIDO POLIGLICOLICO 3-0 (USO ZOOLOGICO),Unidad,4.0
zoologico_suministros,80026825,ACIDO POLIGLICOLICO 4-0 (USO ZOOLOGICO),Unidad,2.0
zoologico_suministros,80001905,ADRENALINA,Unidad,2.0
zoologico_suministros,95027285,AFVT) ANTIMICROBIANO FRUTAS Y VERDURAS,Unidad,2.0
zoologico_suministros,80011391,AGUA OXIGENADA GALON,Unidad,1.0
zoologico_suministros,80030653,AGUJA DESECHABLES CAL.16 (USO ZOOLO),Unidad,100.0
zoologico_suministros,80030654,AGUJA DESECHABLES CAL.18 (USO ZOOLO),Unidad,160.0
zoologico_suministros,80040564,AGUJA DESECHABLES CAL.23 (USO ZOOLO),Unidad,211.0
zoologico_suministros,80040565,AGUJA DESECHABLES CAL.25 (USO ZOOLO),Unidad,149.0
zoologico_suministros,80031409,AGUJA NO. 21 (USO ZOOLOGICO),Unidad,100.0
zoologico_suministros,95023788,ALCOHOL GLICERINADO 500ML CON VALVULA,Unidad,13.0
zoologico_suministros,80030334,ALIME HUM PARA GATOS FELIX (USO ZOOL),Unidad,9.0
zoologico_suministros,80030333,ALIMENTO HUMEDO HILLS A/D (USO ZOOL),Unidad,4.0
zoologico_suministros,80030048,ALUSPRAY (USO ZOOLOGICO),Unidad,2.0
zoologico_suministros,80047255,AMINOMIX PET POLVO 100 G,Unidad,3.0
zoologico_suministros,80026027,APETIL (USO ZOOLOGICO),Unidad,1.0
zoologico_suministros,80026484,ARMONIZAR GOTAS (USO ZOOLOGICO),Unidad,3.0
zoologico_suministros,80030269,ARTRI TABS (USO ZOOLOGICO),Unidad,90.0
zoologico_suministros,80010743,ATROPINA,Unidad,1.0
zoologico_suministros,80023550,AVENA EN HOJUELA BULTO X 30 KIL,Unidad,2.0
zoologico_suministros,80030158,AZIUM (DEXAMETASONA) INYECTABLE X 2MG,Unidad,3.0
zoologico_suministros,80030651,BAJALENGUAS (USO ZOOLOGICO),Unidad,20.0
zoologico_suministros,80026707,BAYTRIL DE 50 MG (USO ZOOLOGICO),Unidad,1.0
zoologico_suministros,95023827,BOLSA BLANCA RESD APROV 40X60 PAQ X 50,Unidad,14.0
zoologico_suministros,95023833,BOLSA BLANCA RESD APROV 90X110 CAL 2,Unidad,875.0
zoologico_suministros,95005752,BOLSA CANASTILLA 24X39 PULG CAL 1 X KILO,Unidad,12.0
zoologico_suministros,95023828,BOLSA NEGRA RESD NO APROV 40X60 PAQ X 50,Unidad,41.0
zoologico_suministros,95023123,BOLSA ROJA R.BIOLOGICO 40X60 PAQ X 50,Unidad,18.0
zoologico_suministros,95023829,BOLSA VERDE RESD ORG APROV 40X60 PAQ X50,Unidad,26.0
zoologico_suministros,95023835,BOLSA VERDE RESD ORG APROV 90X110 CAL 2,Unidad,125.0
zoologico_suministros,80030941,BUTORFANOL (USO ZOOLOGICO),Unidad,2.0
zoologico_suministros,80017601,CALCIO HOMEOPATICO,Unidad,7.0
zoologico_suministros,80004420,CAROFILL ROJO,Unidad,1.0
zoologico_suministros,80027053,CATETER 22 G (USO ZOOLOGICO),Unidad,87.0
zoologico_suministros,80014201,CATETER INTRAVENOSO NO. 16 JELCO,Unidad,1.0
zoologico_suministros,80027822,CATETER N.20(USO ZOOLOGICO),Unidad,5.0
zoologico_suministros,80032114,CEFALEXINA 20% 20 ML (USO ZOOLOGICO),Unidad,1.0
zoologico_suministros,95001221,CINTA ENMASCARAR USO GENERAL 48MMX40MTS,Unidad,6.0
zoologico_suministros,80006176,CIPERMETRINA GENFAR X LITRO,Unidad,6.0
zoologico_suministros,80029261,CIPROVET (USO ZOOLOGICO),Unidad,3.0
zoologico_suministros,80054436,CLAVUPET 50 ML,Unidad,2.0
zoologico_suministros,80030943,CO Q10 200 MG CAPSULAS (USO ZOOLOGICO),Unidad,5.0
zoologico_suministros,80016643,COMIDA PARA PECES,Unidad,12.0
zoologico_suministros,80030047,COMPRESAS ESTERILE 45X45 (USO ZOOLOGICO),Unidad,5.0
zoologico_suministros,80053189,CONVENIA 320 MG,Unidad,2.0
zoologico_suministros,80017542,COSTALES DE YUTE 1,Unidad,34.0
zoologico_suministros,80018771,CUCHILLA MINORA,Unidad,35.0
zoologico_suministros,97503163,"CUCHILLO 10"" MANGO BLANCO",Unidad,1.0
zoologico_suministros,97503171,"CUCHILLO 10"" MANGO ROJO",Unidad,4.0
zoologico_suministros,80017781,DARDOS PARA ANESTECIA DE 10 C.C.,Unidad,7.0
zoologico_suministros,80009378,DARDOS PARA ANESTECIA DE 3 ML,Unidad,4.0
zoologico_suministros,,DEXMEDETOMIDINA,Unidad,4.0
zoologico_suministros,80004737,DEXTROSA AL 5% BOLSA X 500 ML,Unidad,3.0
zoologico_suministros,80010931,DIFENHIDRAMINA,Unidad,1.0
zoologico_suministros,80017374,DOMOSYN GEL,Unidad,1.0
zoologico_suministros,80056916,DORTIM,Unidad,1.0
zoologico_suministros,80056915,DORXOLAMIDA,Unidad,1.0
zoologico_suministros,80030595,DUPLOCILINA (USO ZOOLOGICO),Unidad,2.0
zoologico_suministros,80025894,ECHINACEA AMPOLLA (USO ZOOLOGICO),Unidad,5.0
zoologico_suministros,80026486,EPITELIZANTE OCULAR (USO ZOOLOGICO),Unidad,3.0
zoologico_suministros,80017457,EQUIPO MACROGOTEO,Unidad,3.0
zoologico_suministros,80031397,EQUIPO PERICRANEAL 18G (USO ZOOLOGICO),Unidad,93.0
zoologico_suministros,80031398,EQUIPO PERICRANEAL 21G (USO ZOOLOGICO),Unidad,87.0
zoologico_suministros,80031399,EQUIPO PERICRANEAL 23G (USO ZOOLOGICO),Unidad,77.0
zoologico_suministros,80031400,EQUIPO PERICRANEAL 25G (USO ZOOLOGICO),Unidad,66.0
zoologico_suministros,95004114,ESCOBA DURA 37CM MANGO MADERA,Unidad,10.0
zoologico_suministros,95004115,ESCOBA FIBRA SUAVE,Unidad,10.0
zoologico_suministros,80002065,ESPARADRAPO.,Unidad,2.0
zoologico_suministros,95009678,ESPONJA HORNOS PARRILLA 3M ROLLO X 5 MT,Unidad,2.0
zoologico_suministros,80030940,ESTRESSNIL (USO ZOOLOGICO),Unidad,1.0
zoologico_suministros,80010331,EUTHANEX,Unidad,1.0
zoologico_suministros,80032115,FEBENDAZOLE LT (USO ZOOLOGICO),Unidad,6.0
zoologico_suministros,,FELIWAY 20 ML,Unidad,1.0
zoologico_suministros,80025890,FIPRONIL SPRAY (USO ZOOLOGICO)),Unidad,4.0
zoologico_suministros,80029366,FITOESTIMOLINE SPRAY,Unidad,5.0
zoologico_suministros,80029011,FITOVETE CREMA CICATRIZANTE (USO ZOOLOGI,Unidad,2.0
zoologico_suministros,80032116,FLORES DE BACH ANSIEDAD SPRAY (USO ZOOLO,Unidad,5.0
zoologico_suministros,80024600,FLORES DE BACH ATOMIZADOR STRESS (ZOOLOG,Unidad,5.0
zoologico_suministros,,FLORES DE BACH GOTERO AGRESIVIDAD,Unidad,3.0
zoologico_suministros,80024597,FLORES DE BACH GOTERO ANSIEDAD (ZOOLOGI),Unidad,5.0
zoologico_suministros,80024598,FLORES DE BACH GOTERO RESCATE (ZOOLOGICO,Unidad,5.0
zoologico_suministros,80024596,FLORES DE BACH GOTERO STRESS (ZOOLOGICO),Unidad,3.0
zoologico_suministros,80030646,FLORES DE BACH SPRAY RE (USO ZOOLOGICO),Unidad,4.0
zoologico_suministros,80011448,FLUCONAZOL,Unidad,9.0
zoologico_suministros,80056917,FLUSURE,Unidad,1.0
zoologico_suministros,80029128,FORMOL BUFFERADO 10 % X 25 ML (ZOOLO),Unidad,23.0
zoologico_suministros,80004110,FORRAJINA BULTO X 40 KIL,Unidad,1.0
zoologico_suministros,80061644,GANCHO DE SERPIENTE 1CM,Unidad,3.0
zoologico_suministros,80025888,GEL LUBRICANTE K-Y TUBO 50 GR (USO ZOOL),Unidad,1.0
zoologico_suministros,80005318,GENTAX 100 X 20 ML.,Unidad,1.0
zoologico_suministros,80008442,GRADUAL,Unidad,1.0
zoologico_suministros,95010466,GUANTE DE NITRILO TALLA M CJ X 50 PARES,Unidad,24.0
zoologico_suministros,,GUANTE DE NITRILO TALLA L CJ X 50 PARES,Unidad,15.0
zoologico_suministros,80040566,HALOPERIDOL AMPOLLA (USO ZOOLOGICO),Unidad,5.0
zoologico_suministros,80030652,HISOPOS (USO ZOOLOGICO),Unidad,5.0
zoologico_suministros,80027349,IMMUNOL HIMALAYA FRASCO (USO ZOOLOGICO),Unidad,9.0
zoologico_suministros,80030274,ISOFLURANO (USO ZOOLOGICO),Unidad,2.0
zoologico_suministros,80032118,IVERMECTINA PASTA (USO ZOOLOGICO),Unidad,6.0
zoologico_suministros,80025892,"JERINGA DE 0,5 BD AGUJA REMOVI (ZOOLOGIC",Unidad,20.0
zoologico_suministros,80006553,JERINGA DESECHABLE 2 ML.,Unidad,271.0
zoologico_suministros,80006554,JERINGA DESECHABLE 20 ML,Unidad,97.0
zoologico_suministros,,JERINGA DESECHABLE X 10 ML,Unidad,76.0
zoologico_suministros,80017376,JERINGA X 3 ML,Unidad,148.0
zoologico_suministros,80008219,JERINGAS DE 1 ML DESECHABLE,Unidad,389.0
zoologico_suministros,80004041,JERINGAS DESECHABLES 5C.C.,Unidad,100.0
zoologico_suministros,80027013,KETAMINA 50 MG (USO ZOOLOGICO),Unidad,2.0
zoologico_suministros,80058497,KLEAN VET,Unidad,3.0
zoologico_suministros,80004647,LACTATO DE RINGER BOLSA X 500 CC QUIBI,Unidad,3.0
zoologico_suministros,80019843,LAMINA CUBREOBJETO,Unidad,400.0
zoologico_suministros,80008382,LAMINAS PORTA OBJETOS,Unidad,400.0
zoologico_suministros,95004948,LIMPIAVIDRIOS FRASCO 500 ML,Unidad,11.0
zoologico_suministros,95006744,LIMPION WYPOL X-70 REUTILIZABLE CJ X 6RLS,Unidad,1.0
zoologico_suministros,80027350,LIV-52 HIMALAYA FRASCO (USO ZOOLOGICO),Unidad,8.0
zoologico_suministros,80023549,MAIZ AMARILLO BULTO X 50 KIL,Unidad,3.0
zoologico_suministros,95004482,MASCARILLA DESECHABLE CAUCHOS CJX50 UN,Unidad,8.0
zoologico_suministros,80023989,MELOXICAM AMPOLLA,Unidad,9.0
zoologico_suministros,80017481,MELOXICAM GOTERO,Unidad,2.0
zoologico_suministros,80028069,METOCLOPRAMIDA INY.10 MG (USO ZOOLOGICO),Unidad,1.0
zoologico_suministros,80043229,METRONIDAZOL INYECTABLE (USO ZOOLOGICO),Unidad,2.0
zoologico_suministros,80026040,MICROCHIP INYECTABLE (ZOOLOGICO),Unidad,50.0
zoologico_suministros,80026247,MICROTAINER TAPA LILA (USO ZOOLOGICO),Unidad,88.0
zoologico_suministros,80030947,MICROTAINER TAPA ROJA (USO ZOOLOGICO),Unidad,83.0
zoologico_suministros,80018634,MIRRAPEL BOLSA X 600 GR,Unidad,3.0
zoologico_suministros,80016256,MOJARRINA 381,Unidad,1.0
zoologico_suministros,80061647,NASAS GRANDES 1.2 M M.ANIMAL,Unidad,2.0
zoologico_suministros,80061848,NASAS MEDIANAS 0.30 ANIMAL,Unidad,2.0
zoologico_suministros,80016673,NEGASUNT SPRAY,Unidad,2.0
zoologico_suministros,80029365,NISTATINA 100000 UI FRASCO,Unidad,4.0
zoologico_suministros,80017753,NUX VOMICA HOMACORD,Unidad,10.0
zoologico_suministros,80029260,OCUFLOX (USO ZOOLOGICO),Unidad,1.0
zoologico_suministros,80027389,OMEPRAZOL TAB DE 20 MG (USO ZOOLOGICO),Unidad,17.0
zoologico_suministros,80030266,ORGANIZADOR DE MANGUERA (USO ZOOLOGICO),Unidad,3.0
zoologico_suministros,80019808,PAM DESINFECTANTE MULTIPROPOSITO X3 * 20,Unidad,8.0
zoologico_suministros,80019813,PAM DETERGENTE CLORADO * 20 LT,Unidad,5.0
zoologico_suministros,80026711,PAMOATO DE PIRANTEL (USO ZOOLOGICO),Unidad,12.0
zoologico_suministros,80011162,PANOTIL GOTAS,Unidad,2.0
zoologico_suministros,95008213,PILA ALCALINA TIPO C,Unidad,20.0
zoologico_suministros,80010836,PREDNISOLONA,Unidad,1.0
zoologico_suministros,80030598,PREDNISOLONA HOLLYDAY (USO ZOOLOGICO),Unidad,7.0
zoologico_suministros,80042243,PRIME PARA ACUARIO,Unidad,2.0
zoologico_suministros,80042564,PROBIOTICO MULTIFLORA (USO ZOOLOGICO),Unidad,1.0
zoologico_suministros,80010361,PROBIOTICOS,Unidad,2.0
zoologico_suministros,80027412,PRU RAPID SNAP (ELISA) DISTEMPER CAN (ZO,Unidad,12.0
zoologico_suministros,80030446,PRUEBA PARA SANGRE EN HECES (USO ZOOLOGI,Unidad,22.0
zoologico_suministros,80007022,PURINA PONEDORA X 40 KILOS 1,Unidad,3.0
zoologico_suministros,80011338,RANITIDINA AMPOLLA,Unidad,1.0
zoologico_suministros,80011151,RECIPIENTE COPROLOGICO,Unidad,200.0
zoologico_suministros,95004100,RECOGEDOR BASURA PLASTICO,Unidad,10.0
zoologico_suministros,80006207,RECOLECTOR DE ORINA,Unidad,157.0
zoologico_suministros,80061646,REDES DE CAPTURA ANIMAL,Unidad,2.0
zoologico_suministros,80053414,REPELENTE NOMOSK,Unidad,2.0
zoologico_suministros,80040569,RESUPRAM X 20 ML (USO ZOOLOGICO),Unidad,3.0
zoologico_suministros,80031572,REVOLUTION 12% 2.6-5 KG (USO ZOOLOGICO),Unidad,6.0
zoologico_suministros,80027009,RIFAMICINA SPRAY (USO ZOOLOGICO),Unidad,5.0
zoologico_suministros,80010232,SAL MARINA,Unidad,4.0
zoologico_suministros,80001627,SAL MINERALIZADA BULTO X 50 KL,Unidad,1.0
zoologico_suministros,80023541,SEMILLA GIRAZOL BULTO X 100 PAQT.,Unidad,1.0
zoologico_suministros,80051775,SNAP FELINE TRIPLE 5 TEST,Unidad,10.0
zoologico_suministros,80051856,SOLUCION 90,Unidad,3.0
zoologico_suministros,80019613,SONDA NELATON # 8,Unidad,1.0
zoologico_suministros,80014193,SONDAS NELATON NO. 6,Unidad,1.0
zoologico_suministros,,SULFATRIMETROPRIM,Unidad,3.0
zoologico_suministros,95018610,TABLA ACRILICA P/PICAR AMARILLA 50X38CM,Unidad,3.0
zoologico_suministros,97500779,TABLA ACRILICA P/PICAR BLANCO 50X38CM,Unidad,1.0
zoologico_suministros,80029259,TAPONES HEPARINIZADOS (USO ZOOLOGICO),Unidad,22.0
zoologico_suministros,80061645,TENAZA DE SERPIENTE 101CM,Unidad,3.0
zoologico_suministros,80027530,TIRAS DE FLUORESCENCIA (USO ZOOLOGICO),Unidad,20.0
zoologico_suministros,80051857,TIRAS DE GLUCOMETRO X 50,Unidad,2.0
zoologico_suministros,95021157,TOALLA MANOS ROLLO CJX6 NATUR X 120 MT,Unidad,3.0
zoologico_suministros,80051858,TOLTRAZURIL 5% 100 ML,Unidad,9.0
zoologico_suministros,80028177,TRAMADOL AMPOLLA 50 MG/ 2 ML,Unidad,5.0
zoologico_suministros,80026528,TRANQUILAN GOTAS,Unidad,2.0
zoologico_suministros,80027050,TRANSPORE 3 M (USO ZOOLOGICO),Unidad,7.0
zoologico_suministros,80014182,TUBOS ENDOTRAQUEALES NO. 6.0,Unidad,2.0
zoologico_suministros,80014184,TUBOS ENDOTRAQUEALES NO. 7.0,Unidad,2.0
zoologico_suministros,80026713,TUSIVET (USO ZOOLOGICO),Unidad,1.0
zoologico_suministros,80030449,UBICHINUM COMPUSITUM (USO ZOOLOGICO),Unidad,6.0
zoologico_suministros,80016712,URBAN POR 25 KG,Unidad,2.0
zoologico_suministros,80027012,VENDA DE ALGODON LAMINADO 3*5 (ZOOLOGI),Unidad,4.0
zoologico_suministros,80006161,VENOCLISIS EQUIPO MICROGOTEO USO ENFERME,Unidad,3.0
zoologico_suministros,80027383,VETRAP (COBAN) 3M 4*5 YARDAS (USO ZOOLO),Unidad,3.0
zoologico_suministros,80026250,VITAMINA C INYECTABLE (USO ZOOLOGICO),Unidad,1.0
zoologico_suministros,80012193,VITAMINA C TABLETA,Unidad,151.0
zoologico_suministros,80018384,VITAMINA K,Unidad,1.0
zoologico_suministros,80010934,VITAMINA-E,Unidad,15.0
zoologico_suministros,80024610,VITAPIO SOBRE (ZOOLOGICO),Unidad,20.0
zoologico_suministros,80018386,XILACINA 2%,Unidad,1.0
zoologico_suministros,80023689,YODO GALON,Unidad,1.0
zoologico_suministros,80024605,ZOLETIL50 X 10 ML (ZOOLOGICO),Unidad,5.0
